Topic Number,Topic Title,Branch,Program,Close Date,Description,Flags
OSW26BZ05-DV019,Collaborative Distributed Swarm Radar,OSD,SBIR,"September 23, 2026","A network of radar-equipped UAS or sensors can be designed as a collaborative distributed radar team. Phase I is to study hardware architectures and develop algorithms to simulate networked sensor configurations to quantify anticipated performance gains with respect to ground or maritime target surveillance. Phase II will involve a small-scale swarm testbed, using three or more UAS surrogates each carrying a small radar module, to study newly proposed techniques and sensing paradigms. Phase III will evaluate new techniques for varying Service concepts of operation. Dual Use: Distributed radar has civilian potential in environmental monitoring such as swarms of gliders mapping terrain, surveillance, and emergency response.",T0.4 Registration check
DON26BZ05-NV074,Automated Post-Mission De-Brief and Re-Planning for Collaborative Combat Aircraft (CCA) Missions,NAVY,SBIR,"September 23, 2026","Modern naval operations require the ability to adapt swiftly to evolving threats, especially during multi-day missions involving CCA. Current post-mission analysis is resource-intensive and often too slow to provide timely, actionable insights for subsequent engagements. This program aims to automate the post-mission debrief and re-planning process for CCA missions to enable faster, more informed decision-making.  The primary objective is to develop automated capabilities for post-mission debriefing that facilitate rapid re-planning for subsequent missions. By leveraging advanced analytics, diagnostics, and algorithms, this program seeks to enhance the mission effectiveness and adaptability of CCA operations in contested environments. The solution must deliver actionable insights from mission data to inform re-planning decisions, optimizing tactics and operational parameters in real-time for the next engagement.  The solution will concentrate on developing algorithms and tools to analyze mission data, identify key performance metrics, characterize uncertainty, and generate explainable recommendations for subsequent mission planning. The main areas of emphasis include:  • Blue Force Optimization: Refining the operational parameters, autonomy behaviors, algorithms, task allocation, routing, tactics, and employment concepts of collaborative combat aircraft based on mission outcomes. Recommendations should identify expected mission benefits, survivability implications, operational constraints, and confidence in the projected result.  • Red Force Modeling: Improving mission planning and execution through analysis of adversary tactics, capabilities, threat profiles, observed behaviors, and likely future course of action. The solution should identify uncertainty in Red Force assessments and provide alternative threat interpretations where the available evidence does not support a single high-confidence conclusion.  • Autonomous Re-Planning: Use machine learning, data analytics, optimization and decision-support methods to generate and compare potential follow-on mission plans based on real world outcomes and lessons learned. The solution should recommend multiple feasible courses of action, identify associated confidence levels and operational tradeoffs, and provide traceable rationale to support operator review and approval.  This effort will also seek to answer the following critical questions: • What data points are most crucial for effective post-mission analysis and re-planning? • How can systems be designed to enable rapid, iterative updates to mission plans? • What mechanisms are most effective for selecting and adapting algorithms in real-time based on the available data?  By tackling these challenges, the program aims to create a framework that streamlines post-mission analysis and enables rapid, intelligent re-planning for CCA missions. This will ultimately enhance the effectiveness and survivability of naval assets in high-stakes environments.  Work produced in Phase II may become classified. Note: The prospective contractor(s) must be U.S. owned and operated with no foreign influence as defined by 32 U.S.C. § 2004.20 et seq., National Industrial Security Program Executive Agent and Operating Manual, unless acceptable mitigating procedures can and have been implemented and approved by the Defense Counterintelligence and Security Agency (DCSA) formerly Defense Security Service (DSS). The selected contractor and/or subcontractor must be able to acquire and maintain a secret level facility and Personnel Security Clearances. This will allow contractor personnel to perform on advanced phases of this project as set forth by DCSA and NAVAIR in order to gain access to classified information pertaining to the national defense of the United States and its allies; this will be an inherent requirement. The selected company will be required to safeguard classified material during the advanced phases of this contract IAW the National Industrial Security Program Operating Manual (NISPOM), which can be found at Title 32, Part 2004.20 of the Code of Federal Regulations.",T0.3 CLASSIFIED | T0.3 NO FOREIGN INFLUENCE | T0.3 32 U.S.C. § 2004.20 | T0.4 Registration check
DAF26BZ05-NV026,Automated Lethality,USAF,SBIR,"September 23, 2026","The challenge of this topic is to automate the weaponeering process via advanced software and embed it into hardware. It is desired to develop a full software stack to create a small footprint lethality software tool for embedded applications. This includes software to automate target model generation, probability of kill calculation, and uncertainty quantification. The solution will require methodologies that will automate many of the processes needed for lethality simulations. It is desired to be able to use imagery and other visual inputs to automate the process of generating a target structure model. This capability should be capable of determining structure type, structural layout, and sizes of structural members. Once the structural target is generated, the automated software approaches should be capable of determining the probability of kill, and then determining optimal engagement scenarios in an automated and very fast-running approach. The resulting software stack needs to have a small footprint and be able to be embedded in hardware. ",T0.4 Registration check
DAF26BZ05-NV027,Integrating Neural Architectures for Brain-Inspired AI with Low SWAP,USAF,SBIR,"September 23, 2026","Current artificial intelligence (AI) systems predominantly rely on single, monolithic neural network architectures, which limits their ability to match the human brain's remarkable computational efficiency and adaptability. The human neocortex achieves this through its intricate interplay of diverse neuronal populations and specialized cortical areas. This SBIR solicitation invites proposals for research that aims to emulate this complex organization by integrating multiple neural architectures – such as convolutional networks, recurrent networks, transformers, spiking neural networks, and biologically-inspired models – within a single architecture.This research seeks to bridge the gap between current AI limitations and the flexible, multi-modal processing capabilities observed in the human brain. Proposals should focus on developing innovative methodologies for: (1) seamlessly interconnecting diverse neural modules, (2) dynamically allocating computational resources based on task demands, and (3) achieving significant reductions in Size, Weight, and Power (SWAP) consumption compared to traditional AI architectures.This integration should leverage principles inspired by the neocortex's hierarchical organization and functional specialization, aiming to achieve:Enhanced Cognitive Capabilities: Develop AI systems capable of performing complex tasks requiring multi-modal perception, reasoning, and decision-making, surpassing the limitations of single-architecture approaches.Improved Efficiency and Adaptability: Explore novel hardware and software solutions that enable efficient information flow and communication between integrated networks, leading to improved computational efficiency and adaptability to novel situations.This research has the potential to advance the field of artificial intelligence by creating more efficient, robust, and brain-inspired AI systems with applications in fields like robotics, healthcare, and autonomous systems.",T0.4 Registration check
DAF26BZ05-DV030,High Temp Semiconductor Transistors for Hot DoW Environments and Electronic Warfare,USAF,SBIR,"September 23, 2026","The United States Air Force seeks the development of high-temperature semiconductor transistor solutions to enable electronics operation in high temperature DoW environments and improved performance in electronic warfare (EW) applications. With the continued evolution of advanced military systems operating under increasing heat loads, including those from the environment and those generated as waste-heat inside platforms, there is an increasing need for semiconductors that can function reliably at extreme temperatures. Today's commercial-off-the-shelf electronics cannot operate at temperatures more than 250°C with limited transistor count and performance, falling short of this new DoW electronics need. To bridge this technology gap, this topic solicits high temperature semiconductor electronics device and circuit solutions which can operate at temperatures at or above 500°C to address these DoW high temperature environment and electronic warfare needs. Proposed efforts must have already identified a clear DoW hot environment and/or Electronic Warfare application with a credible path to transition into the microelectronics defense industrial base. Preference will be given to solutions that have identified and target transition to an electronic warfare application while using an underlying device and circuit technology which can be adapted to a broad set of DoW high temperature electronics needs. Based on that identified application, proposed efforts should include circuit design, semiconductor device design, device fabrication, and device characterization in order to develop this technology and demonstrate its performance. Circuit design must be used to derive device performance metrics, based on 100-1,000 transistor count circuit building blocks for a future 5,000 – 100,000 transistor count integrated circuits appropriate for transition to the identified application.  The desired operating temperature is at or above 500°C and operating frequency at temperature is minimum 1MHz, Target 10MHz, higher is desired.  The device portion of proposed efforts should design, develop, and experimentally demonstrate transistors consistent with performance metrics determined from the circuit design effort. Solutions which can realize complementary transistor circuit topologies (meaning two types of transistors with threshold voltages of opposite polarity and carrier type) to support best-industry-practice circuit design approaches are preferred. Device failure analysis though structural, chemical, and electrical characterization methods, such as cross-sectional SEM imaging, spatially resolved energy dispersive X-ray spectroscopy, and temperature-soak in-situ electrical tests, are desired to improve transistor designs towards the circuit metrics and derived device metrics.  These particular techniques are only examples, not requirements, and specific appropriate techniques should be included and justified in the proposal to support the required failure analysis. Consistent with the description above, the anticipated Technology Readiness Level (TRL) of the proposed semiconductor device and circuit solutions at the start of the project is TRL 3, denoting that analytical and experimental critical function and/or proof-of-concept has been demonstrated in past work. By the end of Phase II, the anticipated TRL is 5, component validation in a relevant environment, achieved though high temperature semiconductor device testing at or above 500°C in this context.",T0.3 ITAR | T0.4 Registration check
DAF26BZ05-DV031,F-16 Agnostic Rapid Weapons Integration,USAF,SBIR,"September 23, 2026","The Department of War recognizes that legacy software airworthiness processes within the Air Force are significantly limiting the ability to field software updates for aircraft on shorter timelines to integrate software updates more rapidly into its warfighting systems. The U.S. faces a critical shortfall in its ability to rapidly deploy new weapons and software. The existing munitions integration process is excessively slow and inflexible, often taking three to five years, preventing the U.S. from effectively countering rapidly specially evolving threats. This problem is especially urgent for employment of solutions from development of Family of Affordable Mass Munitions (FAMM).  A new, modular, and scalable weapons integration architecture is vital for rapid adaptation to new technologies and mission demands. This topic seeks to develop a modular and scalable weapons integration architecture, developed on the Open Systems Enclave (OSE) system to meet the critical F-16 modernization requirements outlined in the FY26 Air Reserve Component Modernization Book. A fielded solution will enable rapid airframe integration of new munitions, reducing the timeline from three to five years to one to two months (or days in an emergency). The speed of innovation accelerates rapidly when external capabilities are combined with an OSE. ",T0.4 Registration check
OSW26BZ05-NV017,Sensing Algorithms for Bandwidth Efficient Edge Radars (SABER),OSD,SBIR,"September 23, 2026","Distributed sensing radars serve as an important component of the Joint Force strategy for situational awareness, e.g., US Navy’s vision of Distributed Maritime Operations (DMO) [1] and advanced tactical imaging research. By networking physically dispersed radar nodes into a unified cooperative mesh, the Joint Force can fuse information to enhance surface target detection, track and identification. Furthermore, coordinating information from these dispersed nodes overcomes traditional single-platform limitations [1] such as single points of failure and limited angular diversity, especially in contested, high clutter environments. The transition to decentralized sensing and DMO fundamentally shifts the burden of performance from individual platform sensors to the underlying communication networks.  Functioning as a cohesive, decentralized system requires synchronization and low-latency data links. This is especially critical for imaging nodes. The fidelity of a decentralized system is directly proportional to the amount of data the network can move. Streaming raw radio frequency (RF) data allows for maximum imaging resolution but severely strains network capacity. Conversely, enabling nodes to process their own radar data and only sharing images or features reduces bandwidth requirements but results in degraded imaging in collaborative scenarios. Consequently, there is an operational need for new architectures and processing frameworks that explicitly relate communication, computation and sensing resources to surface target detection, tracking and identification performance metrics.  To address these challenges, this SBIR topic seeks solutions that jointly optimize communications and target inference in a decentralized radar sensing framework [2, 3, 4] that processes data locally and only transmits actionable intelligence or compressed imaging features into the network.",T0.4 Registration check
DON26BZ05-NV078,Tech Data Interactive Electronic Technical Manuals Convertor,NAVY,SBIR,"September 23, 2026","The Navy is currently standardizing the format for technical manuals to facilitate the creation, management, and publication of IETMs. A significant portion of existing technical manuals has yet to be converted to the IETM format, making it challenging for users to easily navigate the information. These manuals also exist in various formats, lacking complete uniformity, which complicates parsing by automated tools and accurate display to the end-user.  The primary goal is to develop a tool or software that can automate the transformation of these diverse technical manuals into eXtensible Markup Language (XML), as XML documents are highly adaptable for various outputs. This XML output must then be formatted for compatibility with a Commercial Off-The-Shelf (COTS) or Government Off-The-Shelf (GOTS) tool, which can convert the information into step-by-step instructions.  Specifically, the objective is to create a tool capable of transforming any existing Navy technical manual, regardless of its original specification and format, while adhering to data rights release requirements. The transformed output must contain the appropriate distribution markings that match original inputted technical manual document and Defense Federal Acquisition Regulation Supplement (DFARS) markings. The output must be viewable in our designated IETMS viewer. The tool should be able to parse manuals from various formats, including PDFs, MIL-STD-3001-1, MIL-DTL-81310, S1000D v3.0, and S1000D v4.0, to extract relevant information.  This extracted information should be formatted for integration into a tool that generates quick, readable step-by-step instructions. These instructions should reference corresponding material and be displayed to the end-user, via an Extended Reality (XR) headset or tablet, during maintenance, troubleshooting, or operational procedures. The aim is to present these instructions within an Augmented Reality (AR) environment to enhance readability and digestibility. The tool should also be designed for integration with existing commercial or government tools.",T0.4 Registration check
DME26BZ05-NV001,Additive Manufacturing for Flexible Electronics,DMEA,SBIR,"September 23, 2026","Additive manufacturing, also referred to as 3D printing, has seen innovation in several critical areas in the field of electronics packaging and assembly from wafer level to printed circuit boards for low volume manufacturing and prototyping. Ceramic interposers are being manufactured using vat photopolymerization technologies to create substrates with channels for interconnects, that are backfilled through the process of metal infiltrations [1] The unique geometries enabled by the layer-to-layer technologies allow for routing options not possible with traditional fabrication techniques or fabrication quantities that are not economically viable. Semiconductor die pads to package substrate interconnects through 3D printed traces have been explored to replace traditional wire bonding connections. This enables smaller form factors as the wire height requirements are replaced with flat aerosol jet printed conductive traces created using nanoparticle inks [3]. The formulations of the conductive ink still pose challenges with material compatibility between interfaces [4], electrical resistance, and limited thermal operational ranges as each company creates material best suited to their printing system [2]. Printed interconnects open the doors for faster turnaround time, performance improvement through impedance matching for packaged devices [3], shorter interconnect lengths, and chip scaling through tool path alterations [4]. Additively manufactured printed circuit board assemblies which utilized printed traces and interconnects have also integrated printed passives such as resistors and capacitors into the boards [5]. These targets eliminating the need to pick and place passives in the assembly process as potentially any passive desired could be printed onto the boards. The three-dimensions fabrication methods also allow for the resistance values to be adjusted within a limited space.   Virtually every DoW system with electronics requires PCB manufacturing. Commercially available Substrate Manufacturing techniques and Advanced Packaging techniques are extremely expensive and require long lead times and are therefore not conducive to High Mix - Low Volume manufacturing efforts. It is desired to improve and validate existing additive manufacturing methods for use on government and commercial systems.  Existing additive substrate fabrication and additive advanced packaging methods have been proven to be flexible, adaptable, and cost effective, there remains an undefined reliability risk. DoW is looking to enable these technologies. Specifically, by obtaining reliability data using MIL-STD quality and reliability metrics, these additive manufacturing technologies could become a viable alternative to traditional substrate manufacturing and advanced packaging. As a Phase I study, DoW is seeking the feasibility of developing a prototype via this effort directly comparable to existing Radio Frequency multichip modules (MCMs) currently used by the DoW. Additionally, the feasibility study may offer additional miniaturization or other forms of improvements that are of extreme interest to DoW. If such technology can produce prototypes with reliability comparable to standard manufacturing or reliable enough to fulfill target DoW missions, the additive manufacturing technologies could be used extensively on relevant microelectronic designs to reduce cost and manufacturing timelines for DoW Programs. ",T0.4 Registration check
DAF26TZ05-NV005,Real Time Enhanced Fine Tracking in Directed Energy Applications,USAF,STTR,"September 23, 2026","Current tracking capabilities in DE utilize 2D imagery. Low flying targets against cluttered backgrounds (e.g., drones) present a challenging tracking environment for track algorithms that leverage 2D information alone. A current tracking algorithm might use something like a Fitts correlation tracker [2], which correlates features in the scene with a known template of the target. This requires target identification followed by reference to a look-up table to determine the proper template to use with the correlation tracker, which can be difficult with 2D imagery, as a 2D image of the target will only provide a projection of the target image along the optical axis. 3D coherent imaging with digital holography [3,4] provides a solution for the problems associated with 2D imaging that are described here. Emerging coherent 3D imaging modalities provide complex-valued images (referred to as 2.5D images) with amplitude corresponding to a conventional 2D image and phase corresponding to the range to the target. The range images themselves (which describe the range to the target for each transverse pixel) are highly robust to scintillation and speckle [5,6]. Going further, novel methods in image restoration that include a combination of physics-based [7-11] and machine-learning [10,11] models can provide effective and computationally efficient ways to remove the anisoplanatic distortions in the image. Note that alternative 3D imaging methods do exist (e.g., Geiger mode 3D imaging with avalanche photodiodes [5]). The Phase I effort should include an analysis of existing methods before selecting one to explore for the given application. The topic proposed here is nominally focused on the fine track portion of the DE kill chain, though the technology could be used for acquisition/coarse tracking as well. We briefly summarize the key features of fine tracking in DE, which performers should keep in mind when designing systems: For fine tracking, the atmosphere and aero-optic disturbances impose phase aberrations that can severely degrade imagery. Importantly, tracking at this stage influences aimpoint maintenance, which requires fine track loops to run at much higher framerates (> 1 kHz) to keep up with the changing atmosphere while employing narrower fields of view (fractions of a degree). 3D imaging provides a path forward for enhanced pose estimation and aimpoint maintenance in the context of fine tracking. With regards to illumination for fine tracking, active coherent illumination can result in non-uniform illumination patterns on target, due to scintillation, and in speckle noise in received target imagery. Partially coherent (or multiple coherent) illuminators can reduce the effects of these two noise terms, but at the cost of the ability to perform coherent imaging and/or additional illuminators. On a similar note, coherent imaging techniques (such as digital holography and phase retrieval) can allow for digital image correction of anisoplanatic phase errors using physics-based [7-11] and machine-learning-based [10,11] image reconstruction algorithms. Note that active illumination, in general, enables tracking technology that can perform in day or night. In general, performers should be aware of the general requirements for fine tracking and should tailor designs to the technology best suited for the application. This topic seeks the development and testing of a computationally efficient processing pipeline that meets the requirements for real-time integration into a directed energy system. The goals are to design (Phase I) and demonstrate (Phase II) the processing pipeline for a 3D imaging system that can operate effectively over long standoff ranges through aerooptics/turbulence with extended, non-cooperative targets against cluttered backgrounds. The Phase I effort will design the 3D measurement technique, corresponding algorithms, and a concept for the integrated hardware. This should include analysis of the latency and throughput of the algorithms and processing hardware for real-time, closed-loop aimpoint maintenance. Then, the Phase II effort will implement the approach in a prototype demonstration system, which would deploy such algorithms onto high-speed processors and integrate with hardware that allows for real-time closed-loop correction of the line-of-sight. Such a demonstration could take place with a scaled-laboratory optical system. Alternatively, an outdoor demonstration would be appropriate as well. Key products include: 1) algorithms and software to improve 3D imagery and maintain an aimpoint by taking advantage of the 3D data, and 2) demonstrated prototype processor with real-time test results.To meet the objective, potential tasks in several research directions are described below. These tasks are open ended, and comprehensive results are not expected before Phase III.Basic research in 3D imaging1.Determine system-level requirements for a real-time 3D imaging and tracking system2.Explore the available motion-compensated 3D imaging techniques and select one for the prototype system after a pros/cons analysis3.Develop an empirical and/or theoretical signal-to-noise ratio model of the 3D imaging systemin questionApplied research in 3D tracking and aimpoint maintenance1.Mature and develop existing 3D tracking algorithms to work with 3D data from a vast array of imaging modalities2.Determine what benefits arise from tracking algorithms that make use of coherent 3D images (and 2.5D images as well), in specific3.Develop software architecture that is capable of real-time trackingHardware development (Phase II and beyond)1.Leverage system-level requirements (see Task 1) to build a prototype illuminator system2.Leverage software development (see Task 2) to integrate real-time tracking capabilities3.Demonstrate hardware in laboratory or outdoor testing environment",STTR: Requires RI partner | T0.4 Registration check
OSW26BZ05-DV023,Quantum Sensor Gravity Data Production & Analysis for Maritime Floor Mapping,OSD,SBIR,"September 23, 2026","This effort will develop and demonstrate advanced quantum sensing methodologies that enable high-precision bathymetric mapping to support NGA's GEOINT foundation data collection mission, with particular interest in quantum gradiometer approaches capable of generating high-resolution bathymetric products from submarine platforms. NGA seeks innovative research into quantum gravity sensing technologies for bathymetric mapping, as the global ocean floor remains critically under-mapped with significant gaps in high-resolution coverage. This topic focuses on assessing whether quantum gradiometers—particularly cold atom interferometry-based systems—can provide bathymetric mapping capabilities that complement existing GEOINT foundation data collection efforts including SWOT and MBES datasets. Key technical questions include whether quantum gradiometers can generate bathymetric maps meeting NGA foundation data standards, how their capabilities compare to existing bathymetric collection methods, and what collection rates and coverage efficiency can be achieved on submarine platforms. Proposers should identify existing commercial or research quantum sensors for evaluation, as this topic does not involve sensor development. Proposals should describe the quantum sensor(s) to be evaluated, the simulation framework (path integral methods, Monte Carlo), and how real sensor data will be collected, processed into bathymetric products, and validated against existing datasets under realistic conditions.",T0.4 Registration check
OSW26BZ05-DV014,In-Situ Metrology for Mesa-Wall Integrity in Large Format Small-Pixel Infrared Detector Array Fabrication,OSD,SBIR,"September 23, 2026","The Department of War has a rapidly increasing demand for large-format, small-pixel FPAs to support advanced sensor platforms across Ground, air, maritime, and space domains. To keep pace with ongoing advancements in C-MOS digital-in-pixel Read-Out Integrated Circuits (ROICs) and to produce next-generation infrared sensors, fabrication processes must consistently yield exceptionally high-quality detector arrays. This demand is particularly relevant for high-performance materials such as Antimony (Sb)-based III-V Semiconductor Type-II Superlattice (T2SL) and Mercury Cadmium Telluride (MCT) detectors, which offer enhanced performance in the Mid, Long, and Very Long Wavelength Infrared (MWIR/LWIR/VLWIR) bands. However, as pixel sizes scale down, the devices become highly susceptible to fabrication-induced defects. Avoiding surface damage and unwanted surface currents during array fabrication—specifically during the pixel isolation process—is critical. In smaller pixels, these defects introduce additional noise that severely degrades overall FPA performance and limits mission effectiveness.  Proposed solutions must be capable of non-destructively evaluating the integrity of small-pixel mesa-walls by measuring surface current or utilizing other reliable indirect techniques during the pixel isolation process. This screening methodology must be applicable to both Sb-based III-V Semiconductor T2SL and MCT material-based detectors.  The specific goals are listed below: •	Assessing the surface integrity of the infrared detector arrays sensitive from Short Wave Infrared to Long Wave Infrared bands at suitable cryogenic temperatures. •	System should allow measurements of up to 150 mm diameter wafers as well as piece parts. •	The proposed technique must be capable of mapping surface currents or utilizing indirect assessment techniques on small pixel geometries without altering the device's electrical or physical characteristics. •	The proposers are encouraged to work with prime and/or commercial Sb-based III-V Semiconductor T2SL material and/or MCT detector material growth and processing houses. Furthermore, proposed solutions should prioritize in-situ measurement techniques to facilitate immediate process optimization and the rapid development of corrective solutions, ultimately ensuring the reliable production of advanced, low-noise focal plane arrays (FPAs) for DoW applications.",T0.4 Registration check
OSW26BZ05-NV021,Co-packaging Digital Readout Integrated Circuits and Photonics for Advanced Infrared Imaging,OSD,SBIR,"September 23, 2026","State of the art infrared digital focal plane arrays (FPAs) can produce >20 Gbps when operated at standard video framerates and in large formats. Designing output drivers for this bitstream in a cryogenic environment is nontrivial. It requires careful balancing of the electrical, mechanical, and thermal constraints of the readout integrated circuit (ROIC). Industry surveys indicate that the current state of practice is limited to just under 3 Gbps per channel and 10 pJ/bit. In a large format FPA, the power consumption for data transfer becomes significant and acts to shorten cryocooler lifetimes. A paradigm shift is required.  Photonic integrated circuits (PICs) are viewed as a potential solution to the ROIC output driver issue. PICs can improve the ROIC bandwidth, latency, and energy consumption by a factor of 10 or more compared to standard electronic IO practices. Unfortunately, all demonstrations to date have utilized mostly off-the-shelf ROICs with PIC chiplets on an interposer. While this reduces the thermal load of the electrical wiring, it does very little to change the overall power consumption. A fully monolithic design is needed. Fortunately, several foundries now offer 45-180 nm CMOS/PIC capabilities. The envisioned effort will demonstrate a tri-service ready capability to either completely integrate electronics and photonics on a single silicon wafer, or perform foundry-level integration of both a photonic and an electronic layer before detector hybridization.  The primary objective of this effort is to demonstrate high-speed, ultra-low-power optical channel operations within cryogenic environments. The supporting Readout Integrated Circuit (ROIC) design must support high-throughput data generation. To facilitate benchmarking and diagnostic testing, the system should feature independent and configurable electrical and optical outputs. While specialized design hardening for space and high-radiation environments is advantageous to support long-term survivability, it remains an optional parameter. ",T0.4 Registration check
DON26BZ05-NV069,Wearable Real-Time Command-and-Control Interface for Enhanced Naval Situational Awareness,NAVY,SBIR,"September 23, 2026","The Department of the Navy faces critical operational challenges in delivering real-time C2 capabilities to personnel operating in complex, multi-domain maritime environments. Naval operations require processing vast amounts of multi-source intelligence from JADC2 while ensuring mobility, tactical effectiveness, and operator safety. Operational Gaps: Key challenges include: • Information Overload: High-tempo operations result in multi-domain data saturation, reducing situational awareness. • Mobility Constraints: Console-based systems limit operator mobility and adaptability in dynamic maritime environments. • Environmental Limitations: Commercial wearables lack durability and functionality under maritime conditions, including exposure to salt spray, extreme temperatures, and high humidity. • Test Range Deficiencies: Current test ranges lack integrated C2 capabilities across JADC2 domains. • Laser Safety Compliance: Eye protection for Class 4 laser environments is required while accessing multi-domain data. • REPLICATOR Program Needs: Human-autonomous system interfaces are essential for coordinated swarm operations  The objective of this topic is to develop, demonstrate, and deliver a production-ready, wearable, real-time C2 interface utilizing MR technology with spatial anchoring that integrates and fuses multi-domain naval sensor data from JADC2 with the purpose of enabling enhanced human-machine interfaces (HMIs) for geographically dispersed naval forces supporting Distributed Maritime Operations.   This interface must provide real-time, multi-source intelligence processing while maintaining mobility and tactical effectiveness, with initial deployment focused on test range operations and REPLICATOR autonomous systems integration.  Technical Requirements: This effort demands MR capabilities, surpassing basic augmented reality (AR) systems. MR provides spatial anchoring of digital information to real-world objects, environmental understanding for safety-critical operations, and occlusion handling to ensure digital displays are appropriately hidden behind real-world hazards. These features are vital for naval operations where tactical data must be spatially registered to ship equipment, deck spaces, and operational areas while maintaining operator safety.  Existing Systems and Limitations: Current systems include console-based combat information centers, handheld tactical computers, and tablet-based devices, all of which are vulnerable to maritime conditions. Commercial Off-The-Shelf (COTS) MR platforms, such as Microsoft HoloLens 2, Magic Leap 2, Apple Vision Pro (passthrough mode), and Meta Quest Pro (passthrough mode), provide foundational capabilities but lack maritime environmental qualification and military-grade cybersecurity features.  Technology Maturity: • Integrated MR systems: TRL 6-7 • Maritime-qualified implementations: TRL 5-6 • JADC2 sensor fusion with laser safety integration: TRL 4-5  Performance Requirements: Optimized for initial deployment in test range operations and REPLICATOR integration under non-combatant conditions: • Operating temperature: -10°C to +50°C • Water resistance: IPX6 rating • Continuous operation: 12+ hours • Data processing latency: <30ms • Sensor integration: 10+ simultaneous inputs • Display performance: 1 arc minute resolution, 90Hz refresh rate • Angular tracking accuracy: sub-1 deg • Security: FOUO/CUI processing capability • Laser safety: ANSI Z136.1 and MIL-STD-1425 compliance • Human performance: MIL-STD-1472H compliance • Equipment Durability: MIL-STD-810 compliance • REPLICATOR compatibility: Autonomous system interfaces and Common Control System (CCS) framework  Critical Innovation Areas: Breakthrough development is required in: • Laser-safe optical systems: Full MR functionality with Department of War (DoW)-approved eye protection for Class 4 laser environments. • Adaptive brightness control: Handling extreme maritime lighting conditions and MIL-STD-1472 compliance • Real-time processing architecture: Supporting 15+ simultaneous JADC2 data streams with AI-driven threat correlation. • Ruggedized electronics: Surviving 1,000-hour salt spray exposure with MIL-STD-810 compliance. • Quantum-resistant encryption: Enabling secure mesh networking. • Autonomous system interfaces: Intuitive gesture and voice recognition for single-operator swarm management.  Security and Classification:  Work produced in Phase II may become classified. Note: The prospective contractor(s) must be U.S. owned and operated with no foreign influence as defined by 32 U.S.C. § 2004.20 et seq., National Industrial Security Program Executive Agent and Operating Manual, unless acceptable mitigating procedures can and have been implemented and approved by the Defense Counterintelligence and Security Agency (DCSA) formerly Defense Security Service (DSS). The selected contractor and/or subcontractor must be able to acquire and maintain a secret level facility and Personnel Security Clearances. This will allow contractor personnel to perform on advanced phases of this project as set forth by DCSA and NAVAIR in order to gain access to classified information pertaining to the national defense of the United States and its allies; this will be an inherent requirement. The selected company will be required to safeguard classified material during the advanced phases of this contract IAW the National Industrial Security Program Operating Manual (NISPOM), which can be found at Title 32, Part 2004.20 of the Code of Federal Regulations.",T0.3 CLASSIFIED | T0.3 NO FOREIGN INFLUENCE | T0.3 ITAR | T0.3 32 U.S.C. § 2004.20 | T0.4 Registration check
DON26BZ05-NV072,Digitally Enhanced Weapon System Technical Data,NAVY,SBIR,"September 23, 2026","Current practices often take weeks or months to provide fleet operators and maintainers with clear and actionable sustainment instructions to address emergent critical fleet issues. The challenges of rapidly fielding solutions and responding to critical operator and maintainer shortfalls require immediate action. This necessitates ""just in time"" (JIT) knowledge capture and transfer methods, applied as soon as engineers and subject matter experts (SMEs) determine the optimal solution for performing specific tasks. Current technical data, typically captured as text and static images, fails to fully convey the complexity of the systems being maintained. Enhanced video and interactive animations embedded in technical data improve readiness by enhancing maintenance proficiency at the operational level and reducing reliance on Depot-level maintenance.  The objective is to design, develop, and demonstrate a solution capable of rapidly delivering digitally enhanced weapon system technical data within 24 hours. The solution should include visual and interactive animation applications that enable technicians and operators to quickly understand and accurately execute complex procedures, as well as implement technical solutions to address emergent critical discrepancies with optimal speed and reliability. Visual and interactive animations are the most effective and practical means to ensure correct and consistent performance of complex tasks and procedures. However, time and cost constraints often delay or block their development. These critical issues may involve technical data in both unclassified and classified realms. Prototype visual enhancements to technical data will be demonstrated in the form of maintenance videos, interactive animations, and other formats capable of being captured, processed, and deployed within a 24-hour timeframe. Solutions will also include the ability to provide same-day updates for emergent configuration management issues.  Leveraging existing logistics infrastructure, the enhanced visual and interactive technical data will be stored and deployed using the All Weapon Information System (AWIS) Repository. Demonstrated output formats will be accessible on laptops and tablets used by operators and maintainers in operational environments.  Work produced in Phase II may become classified. Note: The prospective contractor(s) must be U.S. owned and operated with no foreign influence as defined by 32 U.S.C. § 2004.20 et seq., National Industrial Security Program Executive Agent and Operating Manual, unless acceptable mitigating procedures can and have been implemented and approved by the Defense Counterintelligence and Security Agency (DCSA) formerly Defense Security Service (DSS). The selected contractor and/or subcontractor must be able to acquire and maintain a secret level facility and Personnel Security Clearances. This will allow contractor personnel to perform on advanced phases of this project as set forth by DCSA and NAVAIR in order to gain access to classified information pertaining to the national defense of the United States and its allies; this will be an inherent requirement. The selected company will be required to safeguard classified material during the advanced phases of this contract IAW the National Industrial Security Program Operating Manual (NISPOM), which can be found at Title 32, Part 2004.20 of the Code of Federal Regulations.",T0.3 CLASSIFIED | T0.3 NO FOREIGN INFLUENCE | T0.3 32 U.S.C. § 2004.20 | T0.4 Registration check
DON26BZ05-NV073,Portable Digital Metrology System for Measurement of Defects on Optically Transparent Canopies and Windscreens,NAVY,SBIR,"September 23, 2026","Scratches and pits to the acrylic outer ply of canopies and windscreens cause optical distortion as well as structural vulnerability, and these types of damage cause significant readiness degradation. Repair methods for these defects are dependent on the severity of the damage which is determined by the dimensions of the defect. Currently available repair methods are limited and repair limitations are stringent and highly dependent on the severity of the defect. Inaccurate measurements could be the difference between a repairable asset and a scrapped transparency. Currently the only portable method for characterizing defects on aircraft transparencies is an optical micrometer. This tool is user-dependent, not ergonomic, and requires extensive training to be performed accurately. Due to the transparent material, it is also difficult to perform measurements with an optical micrometer on-aircraft or in outdoor environments and requires the removal of the canopy or windshield.   Candidate measurement concepts shall be executable on aircraft and capable of performing defect measurements (e.g., scratch defect with length 1”, width << 0.125”, and approx. depth of 0.100”) on optically transparent materials.",T0.4 Registration check
DON26BZ05-NV076,"Open, Layered, Yielding Modular Platform for Unified Systems",NAVY,SBIR,"September 23, 2026","The current operational portfolio encompasses a large and diverse set of systems, many of which were developed piecemeal over time. This fragmented development history poses significant challenges to both sustainment and modernization efforts. The use of multiple, disparate systems performing similar or identical functions has resulted in a complex and costly “logistics tail”, extensive technical documentation, and redundant training programs. This duplication increases costs, reduces efficiency, and heightens the risk of obsolescence. Additionally, the lack of commonality between systems hinders the integration of new capabilities and technologies, as each system requires unique modifications. This slows innovation and limits the ability to leverage advancements in automation, artificial intelligence (AI), and digital engineering. Ultimately, the lack of interoperability within portfolio creates a fragmented, inefficient, and costly development and sustainment environment, negatively impacting warfighter readiness and effectiveness.  To address these challenges, PMA-213 is developing a portfolio-wide architecture, referred to as Zeus, which functions as a system of systems (SoS). Zeus will provide a modular and open digital and hardware framework capable of delivering varying levels of service and functionality based on specific mission requirements. This architecture will enable data fusion, redundancy, and seamless integration of individual apertures and below-deck infrastructure, tailored to each ship’s mission set. By adopting an open and modular design, Zeus will support future cost savings, accelerated modernization, and enhanced interoperability across the fleet. OLYMPUS is a sub-project of Zeus focusing on the below deck ship infrastructure.  OLYMPUS will enhance situational awareness, streamline decision-making, and improve fleet-wide interoperability through advanced data fusion, real-time analytics, and secure communication networks. By leveraging cutting-edge technologies such as AI, machine learning (ML), and digital engineering, OLYMPUS will ensure naval operations are resilient, adaptive, and capable of addressing emerging threats in complex and context environments.   In addition to operational benefits, OLYMPUS aims to achieve significant long-term cost savings and cost avoidance across portfolio by increasing commonality in parts, enabling quantity buys, and simplifying maintenance requirements. For example, standardizing hardware procurement to allow the purchase of twenty-five (25) computers for use across five systems, rather than five different computers for five systems. These efficiencies will impact all air-capable fleet platforms, including CVNs, L-Class ships, and DDGs, optimizing readiness and sustainment across the fleet.  The transition of OLYMPUS technology and architecture will primarily occur through routine sustainment efforts and technology refreshes within. With government ownership of the majority of data rights for the affected portfolio, the technology developed through this SBIR effort can be gradually fielded over time via Engineering Change Proposals (ECPs). This approach ensures a smooth and cost-effective transition while enabling the Navy to modernize its systems and maintain maritime superiority.",T0.4 Registration check
DON26BZ05-NV080,Submarine Cabinet Sound Dampening Alternative,NAVY,SBIR,"September 23, 2026","As part of the production of electronic cabinets and consoles, noise mitigation products are installed prior to the installation of the electronic components and cabling. The noise mitigation material of choice for decades has been lead septum foam. Reference 1 is the baseline 53711-3203197 lead septum product. This material is installed with a Pressure Sensitive Adhesive (PSA) backing or adhesive to the inner walls of the enclosures. Depending on the complexity of the electronics assembly, in most applications it is difficult or impossible to remove and replace without first complete removal of the electronics and cabling. The electronic assemblies that require this product need to have minimal time offline. Additionally, reassembly of cable harnesses and wiring can result in electrical faults, so complete system testing after reassembly is required. The Navy needs a product that has performance characteristics equivalent or better than today’s lead septum foam product and with a longer life expectancy (exceeding forty years) than the current foam product being used to meet end-of-life of the COLUMBIA/Dreadnought platforms. This product must also meet the Structureborne Noise MILSPEC (MIL-STD-740-2) criteria for testing [Ref 2]]. This material will be installed in Strategic Systems Programs (SSP) Fire Control, NAV, and TEMPALT equipment cabinets onboard COLUMBIA/Dreadnought SSBNs.  In addition to identifying a material with an extended service life, the material attachment methods are expected to have a reduction in time to replace, compared to the 53711-3203197 baseline material.  The final product desired is a structureborne noise mitigation material with a defined efficient attachment method. The final product should be able to be reproduced in sheet sizes equivalent to 53711-3203197 baseline material to support needs from the Navy.  Work produced in Phase II may become classified. Note: The prospective contractor(s) must be U.S. owned and operated with no foreign influence as defined by 32 U.S.C. § 2004.20 et seq., National Industrial Security Program Executive Agent and Operating Manual, unless acceptable mitigating procedures can and have been implemented and approved by the Defense Counterintelligence and Security Agency (DCSA) formerly Defense Security Service (DSS). The selected contractor must be able to acquire and maintain a secret level facility and Personnel Security Clearances. This will allow contractor personnel to perform on advanced phases of this project as set forth by DCSA and NAVSEA in order to gain access to classified information pertaining to the national defense of the United States and its allies; this will be an inherent requirement. The selected company will be required to safeguard classified material during the advanced phases of this contract IAW the National Industrial Security Program Operating Manual (NISPOM), which can be found at Title 32, Part 2004.20 of the Code of Federal Regulations.",T0.3 CLASSIFIED | T0.3 NO FOREIGN INFLUENCE | T0.3 32 U.S.C. § 2004.20 | T0.4 Registration check
DPA26BZ05-DV020,Universal Cell Culture Platform for Rapid Establishment of Species-Agnostic Cell Lines and Autonomous Culture Operations,DARPA,SBIR,"September 23, 2026","Cell culture is foundational to modern biotechnology, biomanufacturing, drug discovery, vaccine production, regenerative medicine, and genetic engineering. However, most established cell culture protocols, media formulations, and immortalized or pluripotent cell lines exist only for well-characterized ""model"" organisms (e.g., human, mouse, rat).  For many vertebrate species, including those of emerging interest to defense, biosecurity, agricultural, conservation, and public-health stakeholders, no validated cell culture baseline exists.  Filling this gap is critical for gene-drive and genetic-biocontrol research. Gene drives, genetic elements engineered to propagate a trait through a target population faster than standard inheritance, hold significant promise for controlling disease vectors, suppressing invasive or pest species, and protecting agriculture, ecosystems, and public health.  Yet engineering, optimizing, validating and characterizing the safety and efficacy of gene-drive constructs requires robust, species-specific cell lines for the target organism that can enable rapid in vitro assessment of drive activity (e.g., homing/conversion efficiency, off-target activity, and stability) that would otherwise require slow, whole-organism breeding studies.  Establishing cell culture for a novel, non-model species today is a slow and irreproducible process. It requires years of manual optimization across an enormous parameter space (media composition, growth factors, substrate, oxygen tension, temperature, passaging cadence, reprogramming-factor delivery, and differentiation cues), depends heavily on individual operator skill, and frequently fails to transfer between laboratories.  This bottleneck limits the speed for standing up new biological capabilities, constrains the breadth and resilience of the bioeconomy, and directly impedes the responsible development of gene-drive and biocontrol countermeasures.  This Phase II SBIR topic seeks a generalizable platform that fundamentally changes this paradigm by combining (1) species-agnostic biological methods for deriving and maintaining cells from arbitrary vertebrate and invertebrate species, (2) autonomous, closed-loop automation that systematically explores culture parameter space and produces reproducible, transferable protocols and cell lines, and (3) the cellular substrate and engineering workflows needed to build and validate in vitro testbeds for gene-drive technologies in those cell lines.  Proposers must address Component 1 and Component 2 below, and are highly encouraged to address Component 3. A proposer may submit only one proposal to this topic.  Component 1: Cross-Species Universality (Species-Agnostic Cell Culture & iPSC Derivation) Develop generalizable biological methods that allow viable, stable cell lines to be established from diverse, non-model vertebrate and invertebrate species without bespoke, multi-year, per-species protocol development.   Areas of interest include, but are not limited to: •	Universal or rapidly tunable media, substrate, and supplement formulations applicable across taxonomically diverse species (e.g., across multiple vertebrate classes such as mammals and reptiles). •	Species-agnostic strategies for primary cell isolation, immortalization, and/or induced pluripotency (iPSC reprogramming), including reprogramming-factor delivery and selection approaches that generalize across species. •	Methods for establishing, characterizing, and validating pluripotency, viability, genomic stability, and lineage differentiation potential in species lacking established reference reagents or markers. •	A principled, design-of-experiments (DOE) or model-driven framework for rapidly converging on viable culture conditions for a previously uncharacterized species. •	Cryopreservation, banking, and quality-control approaches that ensure cell line stability and reproducibility across time and locations.  Component 2: Autonomous, Closed-Loop Culture Automation Develop automation that performs cell culture operations with minimal human intervention and that systematically and reproducibly drives protocol optimization for new species.   Areas of interest include, but are not limited to: •	Per-vessel or per-well environmental independence (e.g., independent control of temperature, gas composition, and media conditions) to enable many simultaneous, independent optimization experiments. •	Automated execution of routine and complex culture operations, including feeding, passaging, reprogramming, differentiation, imaging, and sampling. •	Integrated, automated imaging, data capture, and analysis (including machine-learning–enabled morphology/health assessment) feeding a closed-loop optimization engine that proposes and executes the next experimental conditions. •	Software, data architecture, and electronic protocol capture that make optimized protocols portable and reproducible across instruments and laboratories. •	Throughput and parallelization sufficient to compress new-species protocol development from years to weeks or months.  Component 3: Gene-Drive and Genetic-Biocontrol Enablement Develop the cellular substrates, engineering workflows, and validation methods needed to characterize gene-drive and related genetic-biocontrol technologies in non-model target species.   Areas of interest include, but are not limited to: •	Establishment of species-specific cell lines (including germline-relevant or developmentally relevant cell types) suitable as a testbed for gene-drive construct development. •	In vitro assays to characterize gene-drive efficiency, homing/conversion rates, off-target effects, fitness costs, and genetic stability prior to any whole-organism work. •	Containment, reversibility, and safeguard strategies (e.g., molecular confinement, reversal/immunizing drives) evaluable at the cellular level.  Proposers addressing Component 3 must explicitly address responsible-research practices, applicable biosafety/biosecurity and regulatory considerations, and appropriate institutional oversight.  All Component 3 work under this topic shall be limited to in vitro / cellular research; no environmental release, and no work resulting in a gene-drive-competent whole organism, is contemplated or permitted under this effort.[BR4.1]  Component Integration Proposers should describe how species-agnostic biology, closed-loop automation, and (where applicable) gene-drive enablement combine into a single coherent platform - e.g., how the automation systematically searches biological parameter space to converge on a validated cell line for a new target species, and how that cell line then serves as a reproducible substrate for gene-drive engineering and in vitro validation.",T0.4 Registration check
DAF26BZ05-DV033,Dynamic Open Systems Enclave,USAF,SBIR,"September 23, 2026","The U.S. faces a critical shortfall in its ability to rapidly deploy weapons and software to modernize legacy jets. The existing sensor-to-sensor process is excessively slow, manual and inefficient, hindered by flawed data links and difficult edge processing, failing to meet inflexibility, and critical FY26 modernization requirements that are preventing the U.S. from effectively countering rapidly evolving threats. As more systems gain connectivity, the amount of battlefield data becomes overwhelming, resulting in reduced pilot situational awareness from too much “noise”.   The DAF has identified an opportunity for a software and hardware toolkit that gets the ""Right Data to the Right Shooter, Right Now"" by bypassing slow, manual processes with an open-architecture, high-speed computing enclave engineered to rapidly augment field aircraft with next-generation sensor and data processing capabilities. Legacy airworthiness requirements levied on operational flight programs demand a faster method to insert capabilities in the F-16. When coupled with resilient, high-bandwidth beyond line-of-sight (BLOS) data, a modern OSE can leverage national-level intelligence, sensor data, and algorithms at the edge of warfare thus providing maximum return on Department of War investment. ",T0.4 Registration check
DPA26TZ05-DV003,Scalable Platform for Enterprise Engineering and Deployment towards Mathematics for the Discovery of Algorithms and Architectures (SPEED DIAL),DARPA,STTR,"September 23, 2026","The DARPA DIAL [1] program has successfully demonstrated that AI can autonomously discover novel, high-performance algorithms for a range of scientific and engineering problems. Recent efforts have shown that models such as Transformers can rediscover fundamental algorithms like the Kalman Filter, Genetic Programming can rediscover Wavelets, Accelerated Monte Carlo Tree Search can rediscover optimization algorithms, and AI-driven methods can produce optimal meta-solvers for complex physics simulations. However, such advanced discovery engines are currently siloed in research environments; they are not yet deployed for scientists to discover new algorithms before they execute their standard scientific process.This project will address this gap by creating a framework to transition both previously discovered algorithms and the algorithm discovery engines themselves from curiosities to commodities [2-5]. The goal is to create a symbiotic relationship between algorithm developers and domain experts (e.g., engineers, physicists), enabling them to collaboratively discover, build, refine, and deploy algorithms for real-world applications. We will foster a partnership between universities (with deep expertise in algorithmic discovery) and companies (representing the US industrial base) to embed these tools directly into standard workflows, allowing engineers to generate optimal algorithms on-the-fly for their specific constraints.",STTR: Requires RI partner | T0.4 Registration check
DTR26TZ05-NP001,Novel Technologies for CWMD and Related Threats,DTRA,STTR,"September 23, 2026","DTRA is the lead Department of War Agency responsible for developing science and technology to deter, detect, and defeat weapons of mass destruction (WMD). Our ability to advance Joint Force capabilities to detect WMD threats is challenged by the timelines and costs associated with developing, testing, and producing new military hardware. The limited commercial market for radiological and nuclear detection equipment contributes to these challenges. This open topic is seeking solutions that can help to detect the storage, transfer, or use of WMD (and related materials and delivery systems) through the novel use of signals from existing general-purpose deployed military hardware or non-specialized commercial equipment. Examples could include microphones, cameras, motion detectors, passive infrared, and other common sensors that exist today on a wide variety of military platforms and consumer devices.",STTR: Requires RI partner | T0.3 ITAR | T0.4 Registration check
OSW26TZ05-NV003,High Throughput Wafer Scale Manufacturing of Custom Achromatic Infrared Meta Optics,OSD,STTR,"September 23, 2026","Meta-optics have recently garnered significant attention for their ability to drastically minimize the size, weight, and complexity of infrared (IR) systems. By substituting bulky, multi-element, three-dimensional curved optics with flat surfaces comprised of subwavelength-scale meta-units, they offer an ideal optical platform for size- and weight-constrained systems, such as portable IR vision systems, UAV surveillance platforms, and wearable electronics. Furthermore, a single meta-optic element can be precisely engineered to extract or encode high-dimensional information (including polarization, wavelength, and wavefront) from incident IR signals, unlocking advanced sensing and beam-shaping capabilities unattainable with conventional refractive components.  One of the primary drawbacks of conventional meta-optic components is chromatic aberration. Several approaches have been developed to increase the operational wavelength bandwidth of meta-optic components, including stacked metalenses [1], phase dispersion engineered achromatic metasurfaces [2], and multi-level metalens systems [3]. To implement achromatic meta-optics, several fabrication methods like electron beam lithography [2], UV immersion lithography [3], nanoimprint lithography [4], grayscale lithography [5], and deep UV projection lithography [6] have been explored. However, current techniques remain bottlenecked by slow throughput, complex alignment steps, expensive tooling, and limited material compatibility. In addition, these demonstrated achromatic metalenses operate mostly in the visible or near-infrared regimes. To overcome these barriers, the Army seeks a cost-effective, high-throughput manufacturing process compatible with standard semiconductor fabrication infrastructure to produce wafer-scale achromatic meta-optic components using high-index, IR-transparent materials optimized for both MWIR and LWIR bands.",STTR: Requires RI partner | T0.4 Registration check
ARM26BX05-NP011,xTech|Search 10 Competition,ARMY,SBIR,"September 23, 2026","The SBIR|STTR Program has aligned technologies that are experiencing rapid commercial traction with critical Army priorities into four portfolios of priority interest for this competition, each with core technology components identified. While xTech|Search encourages submissions aligned to the following SBIR|STTR portfolios and the associated core technology components, the program also welcomes proposals in any other technology domain with the potential to provide a disruptive advantage to the Army:   •	Sensors: Electronic devices used to measure physical parameters, often enabling enhanced automation through the Internet of Things. •	Immersive and Wearables: Integration or extension of the real world through digital or simulated reality, such as augmented, virtual, and mixed reality. Wearables focus on smart electronic devices that can be worn by or attached to the user to gather data or provide insight during mission operations. •	AI/ML: Technology that incorporates human intelligence into machines (AI) and allows machines to learn from data without explicit programming (ML). •	Contested Logistics and Sustainment: Strategic and operational technologies that involve planning and executing the movement and maintenance of forces and materials under adversarial conditions.  Note: The topic listed below is part of the xTech|Search 10 Prize Competition. See the full xTech|Search 10 competition RFI here: https://www.xtech.army.mil/competitions/.    xTech|Search 10 will be used to identify small business concerns that meet the criteria for award. Finalists selected from the xTech|Search 10 prize competition will be the only firms eligible to submit a SBIR proposal under the topic listed above. Proposals submitted to the topic listed above by non-finalists or non-participants of the xTech|Search 10 competition will not be evaluated.   August 26, 2026: White paper submission deadline via link above ",T0.4 Registration check
DON26BX05-NP003,NAVSEA Open Topic for Model-Based Systems Engineering (MBSE) Acceleration via Artificial Intelligence or Machine Learning Data Ingestion,NAVY,SBIR,"September 23, 2026","The Navy’s AEGIS Combat System was initially developed in the late 1970s and continues in use today, with updates and changes to the core 1970s design. As a result of this multi-year development, much of its system design documentation is only available on paper or in disparate legacy digital formats that are not easily converted to models. Given the continuous development nature of weapons systems, a shift in program focus to modeling would necessarily divert funding away from capability development, critical to meet warfighter needs. As a result, the AEGIS program requires the ability to rapidly and affordably ingest and develop highly accurate system models in disparate formats. The use of model-based systems engineering (MBSE) will enhance the program’s ability to provide functional kinetic capabilities and fewer errors to combat emerging cyber and kinetic threats. A model that can use AI/ML to ingest multiple forms of technical documentation (e.g., digital files, images, Adobe files, written documents, installation and interface configurations, software and hardware bills of material, cable run sheets, IP addresses, ports protocols and services, etc.) and auto generate Systems Modeling Language (SYSML) models sufficient to support a system will be beneficial to all types of Navy systems. There is nothing commercially available that does this.   The solution will be capable of supporting system design, capability development, cyber assessment and authorization, interface design and verification, functional testing, configuration management, reliability calculation and tracking, problem tracking and program certification functions. These solution models shall be sufficient to support cyber assessments and digital engineering capabilities needed for rapidly developing and automated security assessment with minimal investment in manual labor for model validation and verification. It will use AI/ML to digitize, integrate, and ingest system technical documentation and automate development of models with no human input and a high degree of accuracy. The solution must provide for direct conversion to MBSE Models in the CAMEO Magic Draw SYSML modeling environment. Solutions should incorporate how data will be converted and integrated into SYSML models. Finished models may require some human modification to accurately represent system design and functionality but should work seamlessly with Cameo system modeler Magic Draw in SYSML.  Work produced in Phase II may become classified. Note: The prospective contractor(s) must be U.S. owned and operated with no foreign influence as defined by 32 U.S.C. § 2004.20 et seq., National Industrial Security Program Executive Agent and Operating Manual, unless acceptable mitigating procedures can and have been implemented and approved by the Defense Counterintelligence and Security Agency (DCSA) formerly Defense Security Service (DSS). The selected contractor must be able to acquire and maintain a secret level facility and Personnel Security Clearances. This will allow contractor personnel to perform on advanced phases of this project as set forth by DCSA and NAVSEA in order to gain access to classified information pertaining to the national defense of the United States and its allies; this will be an inherent requirement. The selected company will be required to safeguard classified material during the advanced phases of this contract IAW the National Industrial Security Program Operating Manual (NISPOM), which can be found at Title 32, Part 2004.20 of the Code of Federal Regulations.",T0.3 CLASSIFIED | T0.3 NO FOREIGN INFLUENCE | T0.3 32 U.S.C. § 2004.20 | T0.4 Registration check
DON26BX05-NP004,"NAVWAR Open Topic for Unified Assured Positioning, Navigation, and Timing Operational Awareness and Decision Support",NAVY,SBIR,"September 23, 2026","The United States Navy relies on accurate positioning, navigation, and timing information to support maritime operations, distributed forces, mission planning, and operational decision-making. As the Navy continues to field a growing number of APNT capabilities and related situational awareness systems, operators are increasingly required to interact with multiple interfaces and data sources to understand system health, confidence levels, operational risks, and available response options. This fragmented environment increases cognitive workload, complicates training, and slows decision-making.  The Navy’s GPS-Based Positioning, Navigation, and Timing Service (GPNTS) program continues to enhance APNT resilience through the development and integration of a diverse set of technologies and systems. Examples of these data-types include the opensource All-Source Positioning and Navigation (ASPN) and PNT operating system (pntOS). The Navy seeks innovative approaches capable of ingesting, integrating, processing, and presenting information through GPNTS, to include alternate PNT sources, and related situational awareness systems through a unified operational experience. Of particular interest are solutions that provide operators with rapid understanding of APNT system status, confidence levels, threats, degradations, operational impacts, and recommended courses of action. A common operating picture, “single pane of glass,” decision-support environment, or similar approach may be employed to achieve these objectives. The solutions are to transform fragmented operational data into actionable decision advantage and improve the ability of operators to rapidly sense, understand, and act in contested environments.  This topic does not seek development of new Positioning, Navigation, and Timing (PNT) or APNT sensing technologies, navigation algorithms, timing sources, or hardware systems. Instead, the Department seeks expertise in software architecture, data integration, information management, user experience (UX), human-machine interface (HMI) design, analytics, visualization, and decision-support technologies that improve operator effectiveness. Industry best practices in modern software architecture standards, such as containerization for on-prem isolated runtimes will enable the rapid and secure deployment of this capability while minimizing cybersecurity risks from cross-application dependencies.  Commercial industries such as autonomous transportation, cloud operations, telecommunications, logistics, and industrial automation face similar challenges in integrating information from multiple distributed systems to support rapid operational decision-making. Mature commercial technologies that have demonstrated success in aggregating, correlating, visualizing, and presenting actionable insights from disparate data sources may also be suggested. These may include industrial monitoring systems, transportation management systems, enterprise operations centers, autonomous system operations, telecommunications network management, logistics management platforms, and other environments requiring real-time awareness across disaggregated systems. Solutions do not need to be purpose-built for APNT applications if they can be adapted to address the operational objectives of this topic.  Primary technology areas of interest include, but are not limited to: • Data integration and orchestration platforms • Human-machine interface (HMI) design • User experience (UX) design • Common operating picture technologies • Operational data visualization • Decision-support systems • Workflow automation • Human-centered design methodologies • Data analytics and correlation platforms • AI-enabled operator assistance • Containerized software architectures • Mission management software • Digital engineering environments  Solutions outside these areas that address the stated objective may also be submitted.",T0.4 Registration check
ARM26TX05-NP002,xTech|Search 10 Competition,ARMY,STTR,"September 23, 2026","The SBIR|STTR Program has aligned technologies that are experiencing rapid commercial traction with critical Army priorities into four portfolios of priority interest for this competition, each with core technology components identified. While xTech|Search encourages submissions aligned to the following SBIR|STTR portfolios and the associated core technology components, the program also welcomes proposals in any other technology domain with the potential to provide a disruptive advantage to the Army:   •	Sensors: Electronic devices used to measure physical parameters, often enabling enhanced automation through the Internet of Things. •	Immersive and Wearables: Integration or extension of the real world through digital or simulated reality, such as augmented, virtual, and mixed reality. Wearables focus on smart electronic devices that can be worn by or attached to the user to gather data or provide insight during mission operations. •	AI/ML: Technology that incorporates human intelligence into machines (AI) and allows machines to learn from data without explicit programming (ML). •	Contested Logistics and Sustainment: Strategic and operational technologies that involve planning and executing the movement and maintenance of forces and materials under adversarial conditions.  Note: The topic listed below is part of the xTech|Search 10 Prize Competition. See the full xTech|Search 10 competition RFI here: https://www.xtech.army.mil/competitions/.    xTech|Search 10 will be used to identify small business concerns that meet the criteria for award. Finalists selected from the xTech|Search 10 prize competition will be the only firms eligible to submit a SBIR or STTR proposal under the topic listed above. Proposals submitted to the topic listed above by non-finalists or non-participants of the xTech|Search 10 competition will not be evaluated.   August 26, 2026: White paper submission deadline via link above ",STTR: Requires RI partner | T0.4 Registration check
OSW26BZ05-DV020,Joint Radar & Communication Waveforms,OSD,SBIR,"September 23, 2026","Conventionally radar sensing and communications require separate hardware on surveillance platforms, which adds complexity and latency. Data-encoded waveforms use waveform diversity or modulated pulses to carry additional information. A Dual-functional Radar Communication (DFRC) scheme is where arbitrary communication info is encoded in pulse shapes rather than sent over a dedicated communication link. Phase I is to design chirp/phase-modulated schemes that encode additional information into a radar pulse. Testing would verify that a receiver can decode this embedded data while correctly processing the radar data without an external datalink. Phase II involves building a hardware prototype, where data-encoded waveforms are transmitted and received. Phase III would apply this technology to existing Service networks and/or emulate existing Service sensor parameters, to study the ability to reduce reliance on secure datalinks separate from the radar sensor. Dual Use: Similar techniques could serve civilian networks, such as embedding vehicle ID or geolocation in automotive radar pulses, or providing redundancy to automatic dependent surveillance broadcast (ADSB) for Federal Aviation Administration (FAA) radars, etc.",T0.4 Registration check
DTR26BZ05-NP001,Novel Technologies for CWMD and Related Threats,DTRA,SBIR,"September 23, 2026","DTRA is the lead Department of War Agency responsible for developing science and technology to deter, detect, and defeat weapons of mass destruction (WMD). Our ability to advance Joint Force capabilities to detect WMD threats is challenged by the timelines and costs associated with developing, testing, and producing new military hardware. The limited commercial market for radiological and nuclear detection equipment contributes to these challenges. This open topic is seeking solutions that can help to detect the storage, transfer, or use of WMD (and related materials and delivery systems) through the novel use of signals from existing general-purpose deployed military hardware or non-specialized commercial equipment. Examples could include microphones, cameras, motion detectors, passive infrared, and other common sensors that exist today on a wide variety of military platforms and consumer devices.",T0.3 ITAR | T0.4 Registration check
DON26BZ05-NV071,"Dynamically Generated, Articulated 3-Dimensional Training Content",NAVY,SBIR,"September 23, 2026","The Navy increasingly relies on immersive training solutions utilizing Virtual, Augmented, and Mixed Reality (VR/AR/MR) to provide instructors with the flexibility to create realistic training scenarios, including fault injections and novel situations. However, the traditional development of interactive 3-D models remains a significant bottleneck, requiring months of intensive design, modeling, and coded scripting. This slow process hinders curriculum updates, constrains training throughput, and increases lifecycle costs. Navy initiatives demand technologies that accelerate content creation and refresh, particularly given emerging opportunities for advanced LVC training, adaptive tutoring, and rapid prototyping of virtual content.  Recent technological breakthroughs, such as neural radiance fields, 3-D Gaussian Splatting, and 3-D model diffusion, offer near-instant scene creation and real-time asset generation. Furthermore, advances in computing power and technology such as generative artificial intelligence (AI) enables the ingestion of large technical datasets to auto-draft procedures and annotations for instructional content. Despite these advances, existing solutions often lack the dynamic articulation, physics, and logic necessary for hands-on procedural practice and team interaction. Critically, fleet use cases require no-code tools that empower Subject Matter Experts (SMEs) to verify content outputs, embed adaptive cues, and seamlessly export to existing simulators and LVC systems. Dynamic articulation, multi-user networking, SME oversight, and standards-compliant export represent key transition hurdles.  Secure, user-friendly toolkit solutions are desired that enables the rapid conversion of diverse Navy data sources (structured and unstructured) into photorealistic 3-D assets suitable for deployment in AR and MR training platforms and LVC environments. The solution should provide a low-code/no-code software platform for the automated generation of AR/MR training content that requires minimal source media (e.g., smartphone photos, video, Computer-aided design model, or schematics) while offering human-on-the-loop controls for validation and refinement of models. These photorealistic 3-D assets should have articulating sub-components, respond to user actions, and drive the learning of procedural maintenance workflows. The toolchain must support easy export to a variety of Navy immersive reality training platforms and/or LVC environments or systems. The goal is to produce mission-specific, realistic content in days instead of weeks or months, leveraging actual fleet data and user-friendly tools.  This topic seeks an innovative capability that supports automated or semi-automated generation of AR/MR content from real-world data sources—such as maintenance records, after-action reports, sensor logs, or mission debriefs—and enables curriculum developers or instructors to generate varied training scenarios quickly and intuitively. The system should support parameterized scenario generation and include tools for editing or customizing scenarios without requiring software development skills.  Key technical elements may include: • AI-assisted generation of 3-D assets, animations, or procedural scripts; • Natural language processing (NLP) to parse textual data into scenario logic; • Interfaces that allow low-code or no-code authoring of AR/MR content; • Export capability to common AR/MR engines (Unity, Unreal) and Navy-deployed HMDs or mobile devices; and • Security and compatibility with Navy computing environments.  The expected outcome is a toolchain that empowers training programs to rapidly create and deploy operationally relevant AR/MR training content, significantly reducing development time and cost while enhancing the effectiveness of Navy training programs.",T0.4 Registration check
DPA26BZ05-DV019,Semantically-Aware ISR,DARPA,SBIR,"September 23, 2026","Effective Intelligence, Surveillance, and Reconnaissance (ISR) in contested theaters depends on the ability to extract and transmit decision-relevant information from sensors under severely constrained communications. Modern multimodal sensor payloads, including electro-optical (EO), infrared (IR), event-camera, low-light, and platform-telemetry streams, produce data volumes orders of magnitude beyond what tactical communications links can carry, particularly when those links are degraded, intermittent, jammed, emission-constrained, or forced to single-digit kilobits per second by electronic warfare. The operational consequence is binary: an ISR platform either delivers mission-relevant evidence to the operator under these conditions, or it provides limited operational value. Small unmanned aircraft systems (sUAS) embody this challenge in its most acute form. Representative Group 1 platforms such as RQ-11B Raven and RQ-20 Puma-class systems carry EO and IR video for dismounted operators with single-digit-watt payload compute budgets. Representative Group 2 platforms such as ScanEagle-class systems provide broader reconnaissance with greater range, endurance, and modular sensors, but remain size, weight, and power (SWaP) constrained. Across both classes, full-motion EO and IR video routinely exceeds available tactical link capacity, particularly when multiple unmanned systems operate simultaneously. Three concurrent technical failure modes define this problem space and rule out incremental approaches: •	Mission intent is vague and operator-defined. Operators do not request a single class label. They request answers to compositional, context-dependent tasks such as identifying indicators of hostile staging along a ridgeline, judging whether a gathering is consistent with prior pattern-of-life, or noticing whether access patterns to a structure have changed in the last twenty minutes. There is no fixed object dictionary, and what is mission-relevant in one engagement is clutter in the next. •	Regions of interest are not necessarily objects. Mission-relevant regions are frequently not detectable as discrete objects in any single frame. Relevant evidence may be a vehicle stopped where vehicles do not normally stop, a crowd dispersing unusually fast, a heat signature appearing at an unusual time, a person loitering near an asset, or a pattern of vegetation disturbance accumulated over many frames. Object detectors and large vision-language models are weak in this regime because the evidence is distributed across space and time rather than localized in a single frame. •	The platform cannot host heavy artificial intelligence. Group 1 payload compute is typically constrained to single-digit watts; Group 2 platforms allow modest growth but remain size, weight, and power constrained. Large vision-language models and conventional deep-learning trackers are not deployable at this power envelope and are additionally fragile under domain shift, adversarial obscuration, and data-poor conditions characteristic of low-density and low-prior threats. This topic seeks a new class of mission-aware semantic communication systems that can approach two orders of magnitude data reduction in mission-suitable ISR scenarios while preserving mission-relevant context and semantic content. The required capability is not video compression, object detection, or target tracking; it is an onboard, real-time, low-power information-processing layer that understands operator intent, reasons over spatial and temporal context, captures behavioral evidence distributed across frames, and emits only the compact semantic packets needed for receiver-side reconstruction. Semantic packets shall combine high-fidelity regions of interest, tracklets, scene-change descriptors, temporal evidence, low-rate background context, confidence, uncertainty, and traceable explanations sufficient for the operator to act on the evidence at substantially lower bandwidth. Phase II prototypes shall demonstrate the following capabilities: •	Mission-intent grounding. Translate vague natural-language or structured operator objectives into compact, executable mission cards that identify relevant cues, contextual relationships, temporal patterns, negative evidence, and uncertainty thresholds. Support operator updates over a constrained link without mission-specific retraining during flight. •	Open-world spatiotemporal reasoning with adaptive ROI coding. Identify regions, events, and behaviors that are mission-relevant even when object categories are unknown, low-resolution, occluded, or camouflaged, by reasoning over multiple frames, tracks, scene context, motion fields, and temporal change rather than per-frame detections. Allocate bits dynamically among high-fidelity ROI patches, event summaries, background context, descriptors, and metadata such that the transmitted payload is reconstructable into operator-usable products at the receiver. •	Multimodal semantic fusion. Extend reasoning beyond single-modality EO video. By end of Phase II, demonstrate EO video plus at least one additional modality or metadata source: long-wave infrared, low-light video, event-camera streams, platform telemetry, gimbal or inertial state, acoustic cueing, or RF or link-state metadata. •	Traceability and operator trust. Each semantic transmission decision shall include a compact evidence chain comprising mission clause, cue type, temporal support, spatial support, confidence, and uncertainty. The receiver shall enable operator audit of why information was transmitted, suppressed, or summarized. This is a hard requirement intended to distinguish the deliverable from black-box neural compression. •	Low-SWaP embedded execution. Operate on edge hardware compatible with small UAS payload constraints. Threshold = 5 W incremental power during interim testing; final objective = 2 W average incremental power excluding camera and radio. Implementations may use quantized neural networks, vector symbolic or hyperdimensional accelerators, FPGA, low-power NPU, microcontroller co-processing, neuromorphic devices, or custom hardware-software co-design. Representative embedded targets include the NVIDIA Jetson Orin Nano in low-power profiles, Hailo-8L, Coral Edge TPU, AMD Kintex UltraScale+ FPGA fabrics, and ARM Cortex-M-class microcontrollers for symbolic primitive execution. •	Robustness under contested operation. Maintain performance under motion blur, compression artifacts, clutter, low contrast, sensor noise, partial occlusion, camera motion, lighting change, intermittent links, packet loss, and adversarially confusing backgrounds. Robustness shall be characterized quantitatively, not asserted. •	Cyber posture and supply chain integrity. Deliver a software bill of materials, secure update path, documented interfaces, and cybersecurity assessment suitable for transition review. The deployable system shall not introduce avoidable vulnerabilities into tactical networks or mission systems. Approaches of interest may combine lightweight neural perception with mathematically structured spatiotemporal reasoning, including vector symbolic architectures, hyperdimensional computing, temporal graphs, probabilistic scene memory, causal or relational models, neurosymbolic methods, or other compact online-reasoning approaches. Such methods are relevant because they can support compositional representation, efficient similarity search, noise tolerance, online learning, and traceable reasoning under tight power budgets. The Government does not prescribe a specific algorithmic stack; proposers may employ any combination of techniques meeting the performance, traceability, robustness, and SWaP requirements. Approaches not of interest include solutions relying solely on conventional video compression without mission-aware reasoning; solutions relying solely on object detection or tracking with a fixed taxonomy; solutions relying solely on large vision-language models that cannot execute onboard; approaches requiring cloud processing, continuous high-bandwidth reachback, or extensive per-mission retraining during flight; and approaches requiring replacement of existing UAS flight controllers, autopilots, radios, or ground-control stations. Weapon-release, lethal engagement, and named-person identification capabilities are explicitly excluded from this topic. The deliverable system shall not autonomously make lethal engagement decisions, shall not identify named persons, and shall not serve as a weapon-release authority. The intended use is bandwidth-efficient ISR sensing, operator cueing, and semantic preservation under constrained communications",T0.4 Registration check
DAF26BZ05-DV032,F-35 Agnostic Rapid Weapons Integration,USAF,SBIR,"September 23, 2026","The Department of War recognizes that legacy software airworthiness processes within the Air Force are significantly limiting the ability to field software updates for aircraft on shorter timelines to integrate software updates more rapidly into its warfighting systems. The U.S. faces a critical shortfall in its ability to rapidly deploy new weapons and software. The existing munitions integration process is excessively slow and inflexible, often taking three to five years, preventing the U.S. from effectively countering rapidly specially evolving threats. This problem is especially urgent for employment of solutions from development of Family of Affordable Mass Munitions (FAMM). The Air National Guard (ANG) and Air Reserve Component (AFRC) F-35 fleet requires non-recurring engineering to support kinetic and non-kinetic fires capabilities and a solution that will enable rapid airframe integration of new munitions to reduce the timeline from three to five years to one to two months (or days in an emergency).  The F-35 rapidly runs out of options for fires, after which its mission capabilities are greatly limited. Magazine capacity for both kinetic and non-kinetic fires must be increased. Possibility of future operational flight programs (OFP) divergence necessitates a diversity of fires capability for different blocks of the same aircraft.",T0.4 Registration check
DON26TZ05-NV023,Detection and Classification of Low Probability of Intercept radar waveforms using Field-Programmable Gate Array with Cognitive Techniques,NAVY,STTR,"September 23, 2026","DRFMs are typically used to characterize and jam adversarial radar signals. Detecting and classifying LPI waveforms with low latency from adversarial sources is critical to DRFM effectiveness, enabling optimization of jamming countermeasures based on the identified radar type.  Detecting and classifying LPI radar signals is non-trivial and requires significant computing power. Because LPI signals are typically low power, high duty cycle, and wideband, they require long integration times and high receiver sensitivity. While these Radio Frequency (RF) considerations are fundamental challenges in LPI detection, this effort will focus on signal processing techniques for LPI detection and implementation on a FPGA, with emphasis on detection methods.  Traditional signal processing methods include, but are not limited to, adaptive matched filtering with Fast Fourier Transform (FFT) frequency detection, various filter banks, autocorrelation, Wigner-Ville distribution, and cyclostationary processing. Leveraging FPGA technology may provide performance gains through more advanced cognitive techniques such as time-frequency analysis, convolutional neural networks (CNNs), and deep learning methods including long short-term memory (LSTM) networks. In fact, the FPGA is the ideal tool for this, since its hardware emulation of algorithms allows for real-time or near real-time performance.  DRFM RFSoCs targeted for Test and Evaluation (T&E) threat-representative flight systems can be retrofitted with this capability, as FPGAs can adapt hardware description language (HDL) from other implementations. Implementing this system on a DRFM platform presents challenges due to HDL requirements and the relatively recent adoption of direct-RF architectures to access wide frequency ranges.  The Airborne Threat Simulation Organization (ATSO) at the Naval Air Warfare Center, Weapons Division (NAWCWD), Point Mugu, California, is responsible for simulating real adversarial threats for Navy training. ATSO has access to extensive LPI waveform data that can support training, testing, and validation of deep learning algorithms, convolutional neural networks, or other knowledge-based techniques. Leveraging this a priori knowledge, the research institute point of contact, will identify, optimize, and develop cognitive algorithms suited to ATSO applications. If multiple algorithms are identified, they may be implemented in parallel.  Because real-time hyperparameter adjustment on the FPGA is not practical, neural network or cognitive techniques must be designed and trained on a high-compute PC or Linux platform, if required. Other algorithms not dependent on deep learning or cognitive techniques can be developed in hardware description language (HDL) and behaviorally simulated using software such as ModelSim. Benchmarking development metrics should be straightforward, as ATSO can provide ground truth data.  An evaluation kit of the Advanced Micro Devices (AMD) (formerly Xilinx) RFSoC is proposed to prototype this capability. The final deliverable will be a report assessing the feasibility and effectiveness of implementing advanced cognitive techniques on RFSoCs.",STTR: Requires RI partner | T0.4 Registration check
DON26TZ05-NV024,"Lightweight, Modular Fuel Cell Systems for Unmanned Aircraft Systems",NAVY,STTR,"September 23, 2026","The Navy and Marine Corps are actively seeking to enhance the range, endurance, and payload capacity of their unmanned aircraft systems (UAS). In recent years, hydrogen fuel cells have emerged as a promising technology for propulsion and power systems that can improve UAS operational capabilities [Refs 1-4].  While various fuel cell types exist, proton exchange membrane (PEM) fuel cells are most prominently used for UAS applications [Refs 5-6]. However, further improvements to performance and reliability are necessary before widespread adoption into the services. This STTR topic seeks to explore any fuel cell solution that can meet the key performance, reliability, and design metrics required for integration into military UAS.  The Navy is seeking a modular fuel cell system where the stack and balance-of-plant can be adjusted to meet a range of electrical power outputs from an initial 1kW to 20kW, with the potential to exceed 100kW.  Proposals should address the following key system parameters: • Full system power-to-weight ratio of 500 W/kg, including the thermal management system. • Overall efficiency of 50% or greater (versus the fuel’s lower heating value) when operating at half of the maximum power output. • Rugged and reliable, capable of achieving over 200 full on/off cycles and a lifetime of 1,000+ hours with minimal maintenance. • Startup and shutdown time of less than 10 minutes. • Capable of operation up to 15,000 feet altitude. • Safe and hardened for military UAS applications.  • Capable of starting and operating at both full power and idle in MIL-STD-810H basic hot and basic cold environments. • Adherence to shock and vibration requirements [Ref 7]. • An advanced monitoring and control system to autonomously optimize control parameters, maximize system performance, and provide health monitoring and diagnostics.  Additional Considerations: • While gaseous hydrogen is the expected fuel, solutions using other fuels will be considered, especially if they offer logistical benefits. • Preference will be given to systems with minimal thermal and audible signatures. • Additional consideration will be given to solutions that can withstand the high g-force requirements of tube-launched systems.",STTR: Requires RI partner | T0.3 ITAR | T0.4 Registration check
DAF26BX05-DV509,Power the space: high-voltage radiation hardened power switches for space power and propulsion,USAF,SBIR,"September 23, 2026","Historically, U.S. space dominance relied on a benign environment where assets operated statically to provide communication, intelligence, surveillance, reconnaissance (ISR), and positioning, navigation, and timing (PNT) functions. Today, space is a contested and active warfighting domain. In response, the U.S. Space Force (USSF) is adopting the ""Maneuver Without Regret"" (MWR) concept. Implementing MWR necessitates high-voltage architectures (200V–800V) to support next-generation Electric Propulsion (EP). Furthermore, space edge computing, a critical microelectronics technology that necessitates increased on-board power, is being developed to enhance autonomous decision-making for threat avoidance. USSF is also advancing Space-Based Solar Power (SBSP), aiming to beam solar energy via microwave or laser to contested terrestrial environments where traditional refueling is restricted. The transition from static to active space postures necessitates the transformation of space power systems. High-voltage (HV) power supplies and bus lines are critical for these applications, as size, weight, and power (SWaP) remain the primary constraints due to launch costs.   To demonstrate HV power systems in space, rad-hard power switches are critical enablers, and the state-of-the-art Si rad-hard power switches are derated to 350 V maximal. Since single event burnouts (SEB) caused by electrical field transience induced by heavy-ion radiation in space is the primary failure mechanism for HV power switches, it is desired to reduce the electrical field within the device through innovations with minimal penalty for the on resistance. Solutions with substantial increase of the on resistance is considered “derating,” which limits the efficiency - an important metric of this topic. ",T0.4 Registration check
OSW26BZ05-NV016,Desktop Instrument for Measuring Boresight Error as a Function of Incident Angle,OSD,SBIR,"September 23, 2026","The infrared (IR) tracking system of an interceptor vehicle works by determining the position of an object via the line of sight (LOS) between the vehicle and the object of interest and then feeding that information into the guidance system. In all cases there is a protective window or dome in front of the IR tracking system. If a temperature gradient is formed between the front side and the back side of this protective window, such as might occur in supersonic and hypersonic flight, the measured LOS between the vehicle and the object of interest will be different than the actual LOS, resulting in a missed interception. The degree of this difference is referred to as the boresight error, or BSE. To complicate matters further, as the vehicle’s angle changes, the BSE also changes, by an amount characterized by a quantity referred to as boresight error slope or BSES.1 Negative BSES tends to prevent the guidance system from accurately compensating for the BSE. To overcome this challenge, the DOW is exploring solutions in a variety of disciplines, including novel ceramic materials to replace the protective window and thereby minimize the BSE and BSES. Current testing facilities to assess the BSE and BSES of such IR window materials include wind tunnel and flight tests. These are effective but very costly and have limited time availability. Therefore, to reduce risk when such high-speed air flow tests are performed there is a need for measurements without high-speed air flow in a benchtop laboratory environment. This solicitation seeks to develop and deliver a desktop testing apparatus that would allow for iterative testing of the BSE and BSES of unmounted and mounted window materials as a function of temperature, incidence angle, and temperature gradient without high-speed air flow for DOW applications in supersonic and hypersonic environments. ",T0.4 Registration check
OSW26BZ05-DV018,Artificial Intelligence / Machine Learning (AI/ML)-Based Radar Data Compression,OSD,SBIR,"September 23, 2026","Next-generation radars (especially synthetic aperture radar (SAR)) collect data with massive data rates. Traditional image compression is not optimized for raw radar returns. Recent work extends neural compression to the complex SAR domain. Phase I is to explore autoencoder architectures for radar data using, for example, a complex-valued neural network encoder/decoder that learns to compress raw pulses or range-Doppler maps into a latent code with minimal distortion. The system could be trained on representative radar scenes to prioritize features important for detection and analysis. Phase I will benchmark compression ratios vs. classical methods. Phase II will implement the best model on embedded hardware for real-time compression (this could involve quantization aware training to reduce bit depth) and test it on live radar feeds, evaluating image and track fidelity after decompression. Phase III will integrate into fielded radars or data links, or onto hardware emulating Service radar systems, to dramatically lower bandwidth needs. Dual Use: This is valuable for any high-rate sensor (remote lidar, sensor webs); for example, compressing unmanned aerial vehicle (UAS) radar streams or compressing high resolution weather radar data for comms.",T0.4 Registration check
DON26BZ05-NV068,Intelligent Tools for Naval Aircrew Performance and Readiness,NAVY,SBIR,"September 23, 2026","Modern Naval Aviation operations place significant cognitive, physical, and psychological demands on aircrew tasked with operating sophisticated, highly integrated aircraft. While advanced training simulations exist, they often rely on static assessments or subjective observations, lacking the dynamic, predictive, and personalized capabilities needed to optimize aircrew readiness, prevent human factors-related issues, and mitigate physical and psychological injuries. Challenges such as cognitive overload, spatial disorientation, cognitive tunneling, fatigue, musculoskeletal injuries from prolonged vibration, and burnout—highlighted by recent research on helicopter aircrew—pose significant risks to mission success and safety, particularly in contested or degraded environments.  This topic seeks to develop an intelligent human performance system as a critical prehabilitation and protection tool, designed to augment and empower aeromedical officers in proactively managing aircrew readiness and well-being. The system will move beyond reactive responses to support aeromedical officers in optimizing aircrew performance through the following capabilities:  1. Proactive Performance Monitoring and Prediction: Leverage intelligent tools to continuously assess aircrew cognitive state, physical performance, and psychological response using physiological sensors, eye-tracking, performance metrics, voice analysis, and validated self-reported measures (e.g., Military Readiness Scale - MRS-15). Predict potential vulnerabilities based on historical data and real-time inputs, providing actionable insights for aeromedical officers to inform interventions. 2. Personalized Insights and Recommendations: Provide data-driven insights tailored to individual strengths, weaknesses, and predicted vulnerabilities. Aeromedical officers can use these insights to recommend personalized training protocols, prehabilitation exercises, cognitive conditioning, physical readiness programs, and psychological resilience strategies to mitigate fatigue, injury risk, and stress. 3. Human-System Vulnerability Identification: Analyze interactions between aircrew and aircraft systems to identify human-system interface shortcomings or cognitive biases under specific conditions. This data will enable aeromedical officers to recommend improvements in aircraft design, cockpit ergonomics, and aircrew training methodologies, addressing readiness gaps and supporting proactive mitigations. 4. Trust Calibration through Data Transparency: Provide transparent, objective data on aircrew performance and automated system behavior to foster appropriate levels of trust. Aeromedical officers can guide aircrew on when and how to rely on automation, preventing over-reliance or under-utilization, thereby enhancing operational safety and efficiency. 5. Building Resilience and Sustaining Readiness: Utilize continuous feedback and predictive analytics to support mental fortitude, adaptability, and decision-making in high-stakes situations. The system will actively contribute to long-term aircrew readiness and operational lifespan under the guidance of aeromedical support teams.  Proposed solutions should focus on fundamental research into innovative tools for intelligent human performance monitoring and prediction, along with methods for rigorously evaluating their impact on aircrew cognitive function, physical responses, psychological state, and mission performance. Emphasis should be placed on a human-centric approach, ensuring actionable insights, alignment with aeromedical and clinical practice guidelines, and measurable, sustainable improvements in aircrew readiness as part of a comprehensive program.",T0.3 ITAR | T0.4 Registration check
DON26BZ05-NV070,Multi-Frequency Coverage Unit with Broad Band Interference and Designed Canceller,NAVY,SBIR,"September 23, 2026","An innovative canceller unit is sought after in a CNI (Communications, Navigation, Identification) system and retains communication/connectivity in an on-board interference environment. Modern CNI systems can be frequency agile using rapid frequency hopping to reduce susceptibility to narrow band jamming. This canceller will retain connectivity/communication with other aircraft and ground CNI systems to at least 120nms apart. With this CNI system is a TDMA-based (Time Division Multiple Access) secure, high-speed digital data link and does multiple random hops frequency. This canceller must be capability to handle high power in both transmit (UHF) and receive (UHF + interference).  Work produced in Phase II may become classified. Note: The prospective contractor(s) must be U.S. owned and operated with no foreign influence as defined by 32 U.S.C. § 2004.20 et seq., National Industrial Security Program Executive Agent and Operating Manual, unless acceptable mitigating procedures can and have been implemented and approved by the Defense Counterintelligence and Security Agency (DCSA) formerly Defense Security Service (DSS). The selected contractor and/or subcontractor must be able to acquire and maintain a secret level facility and Personnel Security Clearances. This will allow contractor personnel to perform on advanced phases of this project as set forth by DCSA and NAVAIR in order to gain access to classified information pertaining to the national defense of the United States and its allies; this will be an inherent requirement. The selected company will be required to safeguard classified material during the advanced phases of this contract IAW the National Industrial Security Program Operating Manual (NISPOM), which can be found at Title 32, Part 2004.20 of the Code of Federal Regulations.",T0.3 CLASSIFIED | T0.3 NO FOREIGN INFLUENCE | T0.3 32 U.S.C. § 2004.20 | T0.4 Registration check
DON26BZ05-NV075,High Performance Electrolytic Coating Touch-Up Repairs for Aluminum,NAVY,SBIR,"September 23, 2026","Corrosion protection for aerospace aluminum primarily relies on two inorganic coatings: chromate conversion coating and anodize coatings. Anodizing provides a superior barrier against corrosion, especially in harsh salt-water environments. In contrast, chromate conversion coatings (e.g., Alodine, Iridite) offer less protection but are significantly easier to apply, requiring a simple, non-electrolytic chemical application.   This difference in application creates a maintenance challenge. Anodizing is a complex process generally restricted to depot or Original Equipment Manufacturer (OEM) production facilities. Field repairs on anodized components, which can comprise up to 5% of the surface area under MIL-PRF-8625, often fall back on the use of easier-to-apply chromate conversion coatings. Touch-up pens, in particular, are widely used in aviation maintenance, from large depots to resource-constrained fleet environments. However, when used on an anodized part, these chromate repairs create a point of weakness that is more susceptible to corrosion.  A third alternative, electrolytic conversion coating, has been developed to bridge the performance gap between these two methods. Recent studies at NAVAIR demonstrate that applying a small electrical current (several hundred milliamps per square foot) during the conversion coating process significantly enhances corrosion resistance. Currently, the equipment required for this process restricts its use to depot factories where chemical processing shops are available. This creates a need for a field-deployable solution.  This topic seeks the development of a portable touch-up method for applying electrolytic conversion coatings. The solution is critical for filling a technology gap for a method to apply, repair, and touch-up aluminum coatings at the fleet level, improving corrosion capabilities across all levels of aircraft manufacturing, maintenance, and rework operations.  The ideal solution should meet the following criteria:  • The method must prevent chemical spills, environmental release, operator exposure, and contamination of the maintenance area. • The process should be simple, cost-effective, easy to deploy to fleet maintenance sites, and require minimal operator training. • The process should generate minimal hazardous waste, and the equipment should be simplified and miniaturized as much as is practical. • The resulting coating must meet or exceed the corrosion performance requirements of MIL-DTL-81706. • The application method must not damage the underlying aluminum through pitting, fatigue loss, or other undesirable effects. • Primary aerospace aluminum alloys are 2000, 6000, and 7000 series aluminum alloys. However, the application method must perform equally well on all aluminum alloys. • The process must not use hexavalent chromium.",T0.4 Registration check
DON26BZ05-NV077,Multi-Core Parallel Processing for Sensor Fusion Architecture,NAVY,SBIR,"September 23, 2026","The enhancement of target tracking, situational awareness, and decision-making in manned and autonomous systems is accomplished by fusing data from multiple sensors (homogeneous and heterogeneous). There are many complex issues within the implementation of sensor fusion, including, but not limited to, process latency, overprocessing of redundant data, and the inherent serial nature of current fusion architecture. To alleviate these issues, a prioritization ranking system is implemented to process higher valued tracks/data while dropping others. This forces a trade-off that risks track loss, leading to incomplete tracks and reduced situational awareness for operators in high-workload environment.  The objective is to develop a modular, platform-agnostic sensor fusion architecture that utilizes multi-core parallel processing to optimize data throughput and minimize latency. The system must support the parallel execution of both whole-task and sub-task fusion algorithms across multiple processing cores to maximize hardware utilization. The proposed architecture must demonstrate a significant reduction in process latency without the loss of fused track data or correlation accuracy.  Key requirements include: • Parallelization: Ability to decompose fusion tasks into sub-tasks (spatial-alignment, temporal correlation, and attribute fusion) for concurrent execution. • Track Integrity: Elimination of track loss currently caused by serial processing bottlenecks or aggressive data-prioritization filters. • Latency: Real-time processing capability to support operator’s decision-making in dynamic, complex environments. • Platform Integration: Size, Weight, and Power (SWaP) for the processing unit should be compatible with 5th-generation or later platforms (typically 0.5 to 1.0 cubic feet and 28V DC power). • Scalability: Design accommodates increasing number of data sources, including, but not limited to: o AESA Radar o Distributed Aperture Systems (DAS) o Electro-Optical Targeting Systems (EOTS)  Work produced in Phase II may become classified. Note: The prospective contractor(s) must be U.S. owned and operated with no foreign influence as defined by 32 U.S.C. § 2004.20 et seq., National Industrial Security Program Executive Agent and Operating Manual, unless acceptable mitigating procedures can and have been implemented and approved by the Defense Counterintelligence and Security Agency (DCSA) formerly Defense Security Service (DSS). The selected contractor and/or subcontractor must be able to acquire and maintain a secret level facility and Personnel Security Clearances. This will allow contractor personnel to perform on advanced phases of this project as set forth by DCSA and NAVAIR in order to gain access to classified information pertaining to the national defense of the United States and its allies; this will be an inherent requirement. The selected company will be required to safeguard classified material during the advanced phases of this contract IAW the National Industrial Security Program Operating Manual (NISPOM), which can be found at Title 32, Part 2004.20 of the Code of Federal Regulations.",T0.3 CLASSIFIED | T0.3 NO FOREIGN INFLUENCE | T0.3 32 U.S.C. § 2004.20 | T0.4 Registration check
DPA26BZ05-DV018,Hoboken - SBIR XL,DARPA,SBIR,"September 23, 2026","Modern underwater concrete construction has enabled the creation of large, durable maritime infrastructure, but current methods are slow, expensive, and environmentally intrusive, making them unsuitable for expeditionary or military operations. Traditional approaches rely on cast-in-place or precast elements, requiring extensive formwork, specialized equipment, and significant transportation of raw materials, which limits their applicability at greater depths and in austere environments. Recent advances in terrestrial 3D concrete printing have demonstrated rapid, flexible construction without formwork, but these systems are not yet adapted for underwater use due to challenges in materials, hardware, and environmental conditions. DARPA envisions a subsea harvest-to-print 3D construction system to address the critical limitations of current underwater construction methods. The future system will enable rapid, flexible, and environmentally conscious underwater 3D printing for expeditionary and commercial applications through development of state-of-the-art underwater construction equipment and by leveraging in situ seafloor sediments and seawater in concrete mixes. Building on the DARPA Trenton program’s demonstration of printable, low-binder concrete formulations using native sediments, this SBIR topic will develop and demonstrate fully submersible critical subsystems for a 3D concrete construction system in near-shore or medium depth environments. Key innovations for the integrated harvest-to-print system include sediment harvesting and processing, adaptive concrete formulation, marinized printing hardware, and real-time quality control.The Phase II program will fund the development and near-shore demonstration of critical subsystems, with each performer focusing on one or more of the following tracks. The goal is to demonstrate critical subsystems and lay the foundation for future development of a fully autonomous, deepwater-capable system.Program Constants (apply to all tracks):•	Proposed subsystems must be prototypable within $3M budgets per performer•	Solutions must be interoperable for future integration•	Marinization experience is favorable•	Proposed solutions must use seawater in concrete formulations•	Seafloor sediments include: o	Coarse, low water absorption sediments such as sand (<100µm)o	Fine, high-water absorption sediments such as clay (<50µm)Track 1: Marinized Underwater 3D Concrete Printer for Near-Shore Demonstration• Design, build, and demonstrate a fully submersible 3D concrete printer for operation at shallow depths (> 5 meters) near-shore up to medium depth (< 100 meters).• Architectures for this prototype can include topside-controlled material supply (sediment, binder, water) via hoses/cables or limited onboard storage, with the awareness that future iterations will move toward fully underwater harvest-to-print systems.• Demonstrate printing of a self-supporting structure (e.g., arch, wall, slab, or pile).• Include basic underwater deployment/retrieval and remote operation.Track 2: Sediment Transportation Subsystem• Develop a modular, marinized concrete transportation system that can effectively “pump” materials through a subsea harvest-to-print system, including through the 3D printer. Materials needing transport include: o Unprocessed, wet seafloor sedimentso Processed, dry seafloor sedimentso Low binder (= 20%) concrete mixes• Develop a sediment dewatering capability that can be incorporated in-line along the material transportation path.• Demonstrate compatibility with a range of sediment types and ability to deliver a consistent, pumpable mix.• Design for future automation; manual/semiautomatic operation is acceptable for Phase II.Track 3: In-Line Mixing and Quality Control at the Nozzle•	Develop an in-line, marinized, multi-part mixing system (at or near the nozzle) capable of handling variable seafloor sediment/binder ratios and ensuring homogeneous mix.• The system should be capable of handling both extremes of seafloor sediments and their concrete mixes.• Integrate basic sensors for real-time monitoring of mix quality (e.g., viscosity, flow rate, temperature).• Demonstrate ability to adjust mix parameters in response to sensor feedback (manual or semi-automated).Track 4: Sediment-Based Concrete Formulation and Data-Driven Optimization• Systematically characterize a representative library of locally available sediment types relevant to Hoboken program applications, including coarse, low-water-absorption sediments (e.g., sand, <100 µm) and fine, high-water-absorption sediments (e.g., clay, <50 µm), with particular emphasis on sediment types likely to be encountered in near-shore and expeditionary environments relevant to the target applications listed below.• Develop and execute a structured experimental matrix to evaluate the effects of sediment type, gradation, binder content, water-to-binder ratio, admixtures, and mix procedure on concrete printability (e.g., open time, extrudability, buildability, layer adhesion), compressive and flexural strength development, setting time, and durability under near-shore and underwater conditions.• Build a structured, machine-readable database of sediment physical and chemical properties, mix design parameters, processing conditions, and concrete performance metrics, designed from the outset to serve as a training and validation library for AI and machine learning models.• Ensure the training data library provides sufficient breadth and depth of coverage across relevant sediment types, environmental conditions, and target application performance requirements to support generalizable model training.• Develop a beta AI concrete formulation tool capable of: (a) predicting concrete compressive strength and printability metrics from input sediment characteristics and mix design parameters, and (b) recommending optimized mix designs for user-specified performance targets.• Collaborate with hardware performers to validate formulations through printing trials, provide mix designs compatible with hardware constraints, and contribute to joint interface definition.• Demonstrate successful underwater 3D printing of at least one structural element using a mix design recommended by the AI concrete formulation tool, conducted in coordination with at least one hardware track performer.Demonstrate successful underwater 3D printing of at least one structural element using an optimized formulation output through the AI concrete formulator. The AI tool should be developed with awareness that future iterations will move to onboard capability becoming part of feedback loops to dynamical monitor and adjust processes throughout the future harvest-to-print system.",T0.3 ITAR | T0.4 Registration check
DPA26BZ05-DV021,"Open Architecture Platform for Underwater Vehicles for Rapid Adaptation, Collaborative Sensing, Navigation, and Autonomy",DARPA,SBIR,"September 23, 2026","The maritime operational environment requires autonomous underwater platforms capable of executing a wide array of defense, commercial, and scientific missions without the constraints of traditional, proprietary architectures. Current systems often face limitations in payload flexibility, prolonged downtime for repairs, and challenges in multi-platform collaboration. This topic seeks the development of an AUV ecosystem that reduces mechanical complexity while maintaining strict control across the water column, including fixed-depth stationkeeping. Vehicle stability and predictable/reliable performance is key to getting usable data off the platform. To achieve operational agility at scale, the proposed platform must support an end-to-end mission lifecycle approach. This involves AI-driven mission optimization to configure the ideal vehicle build, physics-based pre-deployment simulation to mitigate operational risk, and automated data offloading to enable continuous fleet-wide learning.  The architecture must demonstrate the following critical capabilities:[Insert chart]",T0.4 Registration check
DAF26BZ05-NV028,Ultra-Sensitive Quantum Telemetry Receiver,USAF,SBIR,"September 23, 2026","The current constraints on telemetry frequency allocations, driven by Federal Communications Commission (FCC) spectrum auctioning to private cellular sectors, present a significant challenge for the Department of Defense (DoD), particularly within the Major Range Test and Facility Base (MRTFB) infrastructure. These challenges are further amplified in contested and congested environments, where signal fidelity, interference mitigation, and operational flexibility are critical for mission success. Traditional, or classical, telemetry systems face limitations in terms of bandwidth availability, signal sensitivity, and adaptability to shifting spectrum needs. As a result, the modernization of telemetry systems through cutting-edge technologies is essential to maintaining a competitive advantage.   This SBIR topic seeks to develop and validate an ultra-sensitive quantum telemetry receiver based on quantum sensing technologies, specifically utilizing Rydberg sensors. Quantum sensors represent a transformative approach due to their extreme sensitivity and intrinsic wide-band frequency operation capabilities, enabling them to exploit underutilized portions of the spectrum without reliance on traditional licensed frequency bands. This innovation provides a dual benefit: addressing bandwidth scarcity and significantly enhancing signal detection performance across a broad operational scope.  The desired outcome of this project is a fully validated prototype quantum telemetry receiver that can outperform classical systems with respect to signal-to-noise ratio (SNR), operational bandwidth, and environmental adaptability. Leveraging this solution will reduce the reliance on leased spectrum channels—a cost-intensive necessity in traditional systems—and preserve investments in existing telemetry infrastructure by enabling incremental upgrades rather than full system overhauls. Furthermore, this technology aligns with Air Force modernization priorities, including the integration of the Advanced Battle Management System (ABMS) to provide resilient, high-fidelity communications within the Joint All-Domain Command and Control (JADC2) architecture.   Initial TRL and Target TRL:    Initial TRL (at the beginning of Phase I): TRL 2 – Technology concept and/or application formulated.   Target TRL (at the end of Phase II): TRL 6 – System/subsystem model or prototype demonstrated in a relevant environment.   Phase I Efforts:    Conduct foundational research to define key performance parameters (KPPs) for a quantum telemetry receiver, focusing on sensitivity, bandwidth, noise mitigation, and signal fidelity.   Evaluate prospective quantum-based component technologies, such as Rydberg atomic sensors, to assess feasibility and identify candidate designs for further development.   Develop models and simulations to predict system performance under operational conditions, including contested electromagnetic environments.   Perform initial laboratory experiments to validate core concepts and benchmark against classical telemetry systems.  Phase I Minimum Deliverables:    Technical report detailing requirements definition, simulation results, and initial experimental findings.   Performance evaluation against baseline classical telemetry systems.   Preliminary design concept document outlining a scalable path toward prototype development in Phase II.   Phase II Efforts:    Develop and fabricate a prototype quantum telemetry receiver utilizing selected Rydberg sensor technologies and associated subsystems.   Conduct extensive validation testing under relevant environmental conditions, including broadband and high-congestion scenarios.   Integrate the prototype into an existing ABMS-compatible architecture for end-to-end operational assessment.   Establish transition agreements and partnerships with key Air Force stakeholders to facilitate implementation and potential production scaling.  Phase II Minimum Deliverables:    Prototype quantum telemetry receiver, validated through rigorous performance testing in operationally relevant settings.   Comprehensive technical documentation, including system operation and maintenance manuals.   Final report outlining prototype performance, transition feasibility, and cost-benefit analysis compared to legacy telemetry systems.   This initiative represents a critical advancement in quantum science and integrated network system-of-systems, addressing Strategic Communications and Test & Topic Review under the DoD’s Key Technology Areas. By exploiting untapped spectrum resources, enhancing signal fidelity, and enabling cost-efficient upgrades, this effort will provide AFTC/412TW with a path toward next-generation telemetry solutions that are resilient, scalable, and aligned with the DoD's long-term operational imperatives.",T0.4 Registration check
DAF26BZ05-NV029,Cost-Effective Composite Joints with Tailorable Performance and Geometry,USAF,SBIR,"September 23, 2026","The Air Force seeks to enhance the performance, scalability, and cost-effectiveness of unitized composite structures by developing innovative manufacturing processes and carbon fiber architectures to advance composite joint technologies. Current solutions for composite pi-joints exhibit a tradeoff between geometric flexibility and mechanical performance. Existing back-to-back ""L"" joints provide customizable geometries but lower performance, while 3D woven pi-joints offer higher structural integrity but limited design flexibility. Both options impose significant cost and scalability constraints, which impede efforts to meet future Department of the Air Force (DAF) requirements for Autonomous Collaborative Platforms (ACP) and advanced weapons systems.This effort addresses these challenges by developing scalable and cost-effective composite joint technologies capable of tailoring geometry and achieving a wide range of performance envelopes. The focus will be on enabling the mass production of lightweight, durable, high-performance connections for composite airframes, facilitating the delivery of affordable, high-capability autonomous air vehicles, and advancing the DAF’s tactical air dominance and long-range strike capabilities. Successful implementation will advance the DAF’s capabilities to produce composite structures at scale while achieving desired mechanical and operational specifications.The solution will begin at a Technology Readiness Level (TRL) of 2, with fundamental research to explore design space and material configurations. By the conclusion of Phase II, the target TRL is 6, with validated prototypes demonstrated in a relevant operational environment. The primary Phase I objectives will include the identification of feasible manufacturing processes, preliminary design and testing of carbon fiber pi-joints, and a clear outline of geometric and performance constraints. Phase II efforts will expand to include refined fabrication methods, fabrication and testing of joint assemblies consisting of optimized carbon fiber preforms, and cost analysis to quantify the economic benefits of the new process at both low and high production rates.Phase I Activities:Perform a comprehensive literature review and trade study to benchmark current solutions for composite joints.Design and fabricate initial carbon fiber pi-joint test articles, demonstrating novel fiber architectures and/or manufacturing processes.Develop a preliminary process flow for converting dry fiber preforms into finished thermoplastic or thermoset composite pi-joints.Deliver a technical feasibility report including proposed geometries, material configurations, and cost projections.Phase II Activities:Optimize fiber architectures to expand design space and performance envelopes, meeting specific mission requirements.Develop and demonstrate scalable preform manufacturing processes, integrating advanced resin impregnation techniques.Fabricate additional pi-joint specimens tailored for diverse operational scenarios, including ACP airframe applications.Conduct standard joint mechanical testing to validate performance specifications.Provide cost models for low-rate initial production (LRIP) and high-rate surge production scenarios.Deliver detailed process documentation outlining geometric constraints, fabrication steps, and scalability considerations.Deliverables:Prototypes of carbon fiber pi-joints optimized for different geometries and performance targets.Tow path diagrams and material specifications for each delivered prototype.Mechanical test data, including failure envelopes under various loading conditions.Manufacturing process documentation, including a detailed breakdown of required equipment, materials, and processing steps.Cost analysis outlining the economics of low-rate and high-volume production pathways.By advancing from TRL 2 to TRL 6, this project will help the Air Force address critical needs for advanced composite airframes in future autonomous air systems and enhance the performance and affordability of U.S. defense platforms. Furthermore, the scalable and tailorable manufacturing processes developed under this effort will provide a significant leap forward in material innovation and design flexibility, directly supporting modernization priorities in advanced materials and manufacturing technologies.",T0.4 Registration check
DME26TZ05-NP001,Cable Connector Enhancement,DMEA,STTR,"September 23, 2026","It is widely known that the cable to board connection is a common failure prone interface for electronics systems due to the thermal and mechanical stress they are exposed to. For new designs this connection can be engineered such that risk is lowered as much as reasonably possible but for existing design, there are limited options to overcome the difficulty of maintaining a strong reliable electrical connection in stressful environments.  Potting PCBA and electronics assemblies offer great moisture, vibration and shock protection but when potting connectors the potting material is limited to the height of the connector below the electrical contact to prevent potting material from disrupting the connection between each end [3]. This ensures the board side of the connector is secure but not the full connection joint. That connection is still easily severed if it is strained beyond its mechanical limits, which for commercial grade connectors are a relatively low threshold. Commercial connectors could be swapped with more specialized connectors if they exist and the pad footprint on the board is still sufficient but removal of existing connectors from PCBAs still require considerable time for technicians. Reworking existing boards for the purpose of swapping the connector adds additional risk of board fallout from damage or thermal cycling. Repeated use of heat guns for removing and replacing a new connector or cable solution can degrade the heat affected zone and reduce reliability of the board and neighboring components. Especially for densely populated boards with limited distance from a connector to neighboring components which may prevent the use of a heat shield due to limited space. A heat shield can typically be used to avoid thermal and mechanical damage to adjacent components on a PCBA [4]   Other options have the connector removed entirely in favor of a direct solder connection, be the board to cable or board to board. Alternative joining methods to replace the connector connection such as Hot Bar Soldering (HBS) can be cumbersome in both time and resources for small production efforts for any singular design. HBS uses pulse heated to reflow the solder material between a PCBA and the wire to form a strong junction [1]. The Hot Bar Solder (HBS) process for any given design requires tooling, fixturing and a compatible Anisotropic Conductive Film (ACF); the space between conductors, minimum pad area, the plating and substrates involved. For an existing connector footprint within a design compatible ACF may not exist and may not be able to be sourced in reasonable quantities as ACF is commonly sold by the case. While recent advancement exists for mitigating use of ACF [2] other challenges remain with design the tooling and the rework required to remove existing connectors. The design of the tool shape is critically important to the temperature distribution across the reflow area and has significant impact on the resultant mechanical and electrical properties achieved [1]. Tooling design and fabrication iterations increase schedule requirements for assembly efforts with increasing difficulty for adequate tooling shape on densely populated boards. These different paths or full board redesign and fabrication are expensive, time consuming and limited solutions because they are assembly specific. To enhance prototyping and system integration efforts a more versatile and efficient solution is needed to address this deficiency.",STTR: Requires RI partner | T0.4 Registration check
DON26TZ05-NV022,Compact Efficient High Energy Pulsed Laser,NAVY,STTR,"September 23, 2026","The primary goal of this STTR topic is to develop novel, effective methods for material ablation and penetration during airborne missions. This effort seeks innovations in long-pulse lasers intended for airborne platforms. The final deliverable will be a laser system provided to the Navy to explore the feasibility and military utility of this technology.  A successful project will document, design, and test a robust, turn-key, long-pulse laser system that meets the following performance specifications: • Pulse Energy: 10 J or greater • Repetition Rate: Tunable up to 40 kHz • Pulse Generation: Capable of producing single, on-demand pulses • Pulse Duration: Greater than 5 nanoseconds • Thermal Management: Must adequately manage heat while operating at high repetition rates and maximum power for a duration of at least 10 seconds. (Note: This duty cycle is significantly longer than commercially available systems.)  The resulting system must be engineered for practical field use with the following characteristics: • Compact - an optimal volume of approximately 80 inches long, 24 inches wide, and 24 inches high - with a clear path to packaging. • Maintainable and operable by non-laser specialists, i.e., basic operations (e.g., system startup and shutdown, changing the repetition rate) should not require a laser engineer to perform manual realignment of optical components. • Minimal required maintenance. (Note: If flashlamp pumping is used, the lamps must be exchangeable without the expertise of a laser engineer.)  Proposals should adhere to the following guidelines: • The highest priorities for this effort are repetition rate tunability and pulse energy. • Pulse duration and center frequency are flexible parameters but must be sufficient to demonstrate laser-material interactions. • If the requirements for all parameters are deemed infeasible, proposals should specify what can be achieved. Evaluations will be scored accordingly. • The use of commercial off-the-shelf (COTS) components is permitted; however, the project will require novel laser engineering to achieve the desired performance.  • Coherent beam combining is an acceptable approach to reach the specified pulse energies.",STTR: Requires RI partner | T0.3 ITAR | T0.4 Registration check
1,Development of therapeutic or preventative technologies for treatment or prevention of Pediatric Cancers and/or Rare Cancers.,NIH,SBIR,"September 21, 2026","About 9,550 children in the United States under the age of 15 will be diagnosed with cancer in 2025 (https://www.cancer.org/cancer/cancer-in-children/key-statistics.html). Cancer is the leading cause of death from disease in children ages 1 to 14 in the US after infancy. Similarly, as a group, rare cancers are the leading cause of cancer deaths in the United States (https://rarecancer.org/). For the purposes of this solicitation, a rare cancer is defined in accordance with the U.S. Food and Drug Administration (FDA) Orphan Drug Act as a malignancy with a total U.S. prevalence of fewer than 200,000 individuals. Prevalence estimates should be supported by authoritative data sources (e.g., SEER) or where direct estimates are not available, by scientifically justified epidemiologic approximations based on published literature. This definition is intended to capture clinically and biologically relevant rare cancer populations that may not be fully represented in existing rare disease databases. Applications must clearly describe how the proposed technological approach has the potential to result in a meaningful improvement in patient survival and/or to address areas of significant unmet medical need where the current standard of care has demonstrated limited progress. Access the NCI Surveillance, Epidemiology, and End Results Program (SEER) database (https://seer.cancer.gov/) for more information regarding 5-year cancer survival rates. Because of smaller patient populations and challenging development pathways, development of new technologies focused on pediatric and rare cancers lag significantly compared to other major cancers. Innovative and transformative solutions focused on prevention, diagnosis, detection, and treatment in both pediatric cancers and rare cancers are urgently needed. Rather than just the tried and tested approaches that have not led to much success and progress, bold and “out of the box” ideas that are still based on sound scientific premise are needed to make a significant impact in the prevention, diagnosis, treatment, and care of patients with pediatric and/or rare cancer. Thus, the NCI SBIR Development Center has developed the NCI SBIR Innovative Concept Award program to encourage the development of high-risk innovative and disruptive technologies. The Concept Award program will provide funding to small businesses to explore the technical feasibility and demonstrate proof of concept for the development of highly innovative therapies, devices, diagnostic tools, or preventive strategies focused on pediatric and rare cancers. The focus is on innovation and “out of the box” ideas that have not been tried and tested before. So, preliminary data is not required; however, proposed ideas should have sound scientific premise either based on the offeror’s own research or referenced literature evidence. Offerors are eligible to apply if they have disruptive ideas based on sound scientific premise with a potential to make an impact in these cancers.  The goal of the funding is for offerors to generate de-risking technical data that provides key proof of concept validation. We also want the offerors to explore the commercial potential and development path of the technology during the award period. In addition to funding, the program will also provide additional business and commercialization resources including entrepreneurship training to explore and refine the business model and commercialization plan.  Activities and deliverables proposed by the offerors would differ based on their technology types and stage of development. However, the offerors should ensure that they clearly identify the clinical problem and cancer type(s) that the proposal will focus on with adequate justification. In addition, the offerors should propose experiments to obtain initial de-risking and proof-of-concept data and at the completion of the project present a report with the results of the experiments to the NCI. Examples of activities and deliverables that could be proposed include (but are not limited to) the following:  Therapeutic Projects: The offeror could propose most or all of these activities for pediatric or rare cancers. • Target validation • Optimized drug candidate screening • Identification of lead and lead candidate optimization • In vivo efficacy studies • Preliminary PK/PD studies ",T0.4 Registration check
2,"Development of devices, diagnostic technologies, or digital health tools for treatment, detection, and diagnosis of Pediatric Cancers and/or Rare Cancers.",NIH,SBIR,"September 21, 2026","About 9,550 children in the United States under the age of 15 will be diagnosed with cancer in 2025 (https://www.cancer.org/cancer/cancer-in-children/key-statistics.html). Cancer is the leading cause of death from disease in children ages 1 to 14 in the US after infancy. Similarly, as a group, rare cancers are the leading cause of cancer deaths in the United States (https://rarecancer.org/). For the purposes of this solicitation, a rare cancer is defined in accordance with the U.S. Food and Drug Administration (FDA) Orphan Drug Act as a malignancy with a total U.S. prevalence of fewer than 200,000 individuals. Prevalence estimates should be supported by authoritative data sources (e.g., SEER) or where direct estimates are not available, by scientifically justified epidemiologic approximations based on published literature. This definition is intended to capture clinically and biologically relevant rare cancer populations that may not be fully represented in existing rare disease databases. Applications must clearly describe how the proposed technological approach has the potential to result in a meaningful improvement in patient survival and/or to address areas of significant unmet medical need where the current standard of care has demonstrated limited progress. Access the NCI Surveillance, Epidemiology, and End Results Program (SEER) database (https://seer.cancer.gov/) for more information regarding 5-year cancer survival rates. Because of smaller patient populations and challenging development pathways, development of new technologies focused on pediatric and rare cancers lag significantly compared to other major cancers. Innovative and transformative solutions focused on prevention, diagnosis, detection, and treatment in both pediatric cancers and rare cancers are urgently needed. Rather than just the tried and tested approaches that have not led to much success and progress, bold and “out of the box” ideas that are still based on sound scientific premise are needed to make a significant impact in the prevention, diagnosis, treatment, and care of patients with pediatric and/or rare cancer. Thus, the NCI SBIR Development Center has developed the NCI SBIR Innovative Concept Award program to encourage the development of high-risk innovative and disruptive technologies. The Concept Award program will provide funding to small businesses to explore the technical feasibility and demonstrate proof of concept for the development of highly innovative therapies, devices, diagnostic tools, or preventive strategies focused on pediatric and rare cancers. The focus is on innovation and “out of the box” ideas that have not been tried and tested before. So, preliminary data is not required; however, proposed ideas should have sound scientific premise either based on the offeror’s own research or referenced literature evidence. Offerors are eligible to apply if they have disruptive ideas based on sound scientific premise with a potential to make an impact in these cancers.  The goal of the funding is for offerors to generate de-risking technical data that provides key proof of concept validation. We also want the offerors to explore the commercial potential and development path of the technology during the award period. In addition to funding, the program will also provide additional business and commercialization resources including entrepreneurship training to explore and refine the business model and commercialization plan.  Activities and deliverables proposed by the offerors would differ based on their technology types and stage of development. However, the offerors should ensure that they clearly identify the clinical problem and cancer type(s) that the proposal will focus on with adequate justification. In addition, the offerors should propose experiments to obtain initial de-risking and proof-of-concept data and at the completion of the project present a report with the results of the experiments to the NCI. Examples of activities and deliverables that could be proposed include (but are not limited to) the following:  Device Development Projects: The offeror could propose most or all of these activities for pediatric or rare cancers. • Evaluation and justification of clinical need • Product concept and protype development • Early feasibility studies • Phantom validation • In vivo validation studies • Software development (if needed) • Biocompatibility, sterility, and safety studies  Diagnostics Development Projects: The offeror could propose most or all of these activities for pediatric or rare cancers. • Biomarker optimization and qualification • Assay development and optimization • Define assay performance and analytic validation • Sensitivity, specificity, and reproducibility • Validation studies in deidentified clinical samples ",T0.4 Registration check
ARPA-H 02,Versatile Bioadhesives,ARPA-H,BOTH,"September 30, 2027","The purpose of this topic is to develop next-generation bioadhesive platforms that can safely and reliably seal, bond, and repair a wide range of tissues in challenging clinical conditions, including wet, bloody, and mechanically dynamic environments. These platforms may also be designed to deliver biologics or small molecules as part of treatment. The goal is to create bioadhesives with key performance attributes such as strong tissue adhesion, controlled degradation, reversibility, biocompatibility, and broad compatibility across multiple tissues and organs. If successful, this topic could enable widely deployable solutions for hemostasis, leak prevention, tissue repair, and device fixation, ultimately helping reduce complications and improve patient outcomes across many care settings.",T0.4 Registration check
ARPA-H 07,Virtual Human Brain for the Development of Neurosurgical Robotics,ARPA-H,BOTH,"September 30, 2027","The purpose of this topic aims to take a first step toward AI-assisted intracranial microsurgery by creating a high-resolution, physically and anatomically accurate virtual human brain. ",T0.4 Registration check
ARPA-H 04,"Breaking Ground: The First Curative, Durable, Non-Surgical Therapy for Endometriosis",ARPA-H,BOTH,"September 30, 2027","The purpose of this topic aims to develop treatments for endometriosis that are non-surgical. Proposers are expected to develop novel, non-surgical therapies to decrease the size or deactivate endometrial implants, to decrease inflammation cause by implants, and / or prevent growth or regrowth of the lesions. Broadly, this should be a novel, non-surgical, curative treatment for endometriosis.  ",T0.4 Registration check
ARPA-H 06,Rapid Comprehensive Diagnostic Test for Multi-System Autoimmune Disease,ARPA-H,BOTH,"September 30, 2027","The purpose of this topic is to spur the development of novel, rapid diagnostic assays for multi-system autoimmune disease, which represents an unmet healthcare need. Moreover, in its ideal embodiment this diagnostic test might allow typical primary care physicians to diagnose and predict tissue-specific autoimmune disease manifestations, thereby streamlining referral of the patient to a specialist. This goal is made more feasible by recent technological developments including the ability to detect tissue-specific signatures of immune-mediated stress by assessing circulating cells and/or tissue-specific molecular products.   ",T0.4 Registration check
ARPA-H 05,ARPA-H Lineage Topic,ARPA-H,BOTH,"September 30, 2027","he purpose of this topic supports the advancement, commercialization, and translation of technologies that originated from ARPA-H funded efforts. It is intended to help small businesses and startups develop viable products based on these technologies. ARPA-H’s goal is to give small businesses an off-ramp to finish developing their technology/product, explore secondary or interim applications of the technology, and time to achieve self-sufficiency. ",T0.4 Registration check
ARPA-H 01,Development of an annual test to inform women about their future fertility,ARPA-H,BOTH,"September 30, 2027","Development of an annual test to inform women about their future fertility - The purpose of this topic is to discover new biomarkers that provide women with actionable data for fertility planning.  Results from this work will help inform the program manager regarding the feasibility of future programs focused on enhancing natural fertility before the need of IVF and guiding the development of women’s health monitoring and improvement tools. This work will develop a diagnostic test that can assess fertility status and generate an estimated timeline for the onset of infertility. This topic seeks to develop a test that is affordable, suitable for at least annual use, and provides user-friendly results for patients and care teams to support childbearing decisions.   ",T0.4 Registration check
ARPA-H 03,Universal Platform for Living Adaptive Toxin-removal (UNI-PLAT),ARPA-H,BOTH,"September 30, 2027","The purpose of this topic area is to catalyze the development of a universal, “plug-and-play” synthetic biology platform that enables next-generation microbial chassis capable of performing a broad array of programmable functions. While this solicitation primarily uses toxin removal as a proof-of-concept in relation to chronic disease management, the platform is intended to be adaptable to a range of challenges across industries such as environmental remediation, biomanufacturing, agriculture, holistic medicine, and therapeutic discovery. The broader goal is to create a stable, reliable, and easily reprogrammable microbial platform that demonstrates potential for cross-sector impact beyond the initial use case.  ",T0.4 Registration check
M,Advanced Manufacturing,,BOTH,"July 7, 2027","The Advanced Manufacturing topic aims to support emerging innovations in manufacturing with the potential to stimulate the nation's manufacturing sector by improving efficiency, competitiveness and sustainability. Proposed technology should be environmentally friendly, compatible with human and planet health and driven by technological advancements. Regenerative designs using a circular economy approach (a systemic approach to economic development designed to benefit businesses, society and the environment) are encouraged.",T0.4 Registration check
CA,Cybersecurity and Authentication,,BOTH,"July 7, 2027","The Cybersecurity and Authentication topic focuses on innovations related to the security and integrity of data and data processing and the authentication of people and devices. These subtopic areas are meant to serve as examples; all proposals with technical innovation and significant commercial potential are welcome, regardless of the specific area of focus of the project.",T0.4 Registration check
N,Nanotechnology,,BOTH,"July 7, 2027","The Nanotechnology topic addresses the creation and manipulation of functional materials, devices and systems with novel properties that are achieved through the control of matter at a submicroscopic scale (from a fraction of nanometer to about 100 nanometers). This includes, but is not limited to, innovative hierarchical nanostructures, nanolayered structures, nanowires, nanotubes, quantum dots, nanoparticles, nanofibers and other nanomaterials and biomaterials and their composite structures.",T0.4 Registration check
PH,Photonics,,BOTH,"July 7, 2027","The Photonics topic addresses the research and development of new materials, devices, components, and systems that have the potential for revolutionary change in the optics and photonics industries. Photonic technologies can include anything generally operating in or using photons in the electromagnetic spectrum, from gamma rays down to long radio waves. Examples include lasers, various light emitting diode technologies (LED, OLED, QLED), radiation detectors, photonic integrated circuits, optical systems and novel communications technologies.",T0.4 Registration check
R,Robotics,,BOTH,"July 7, 2027","The Robotics topic covers robot intelligence and experiential learning, particularly in the areas of high-performance processors or hardware that provides situational awareness and improved artificial intelligence. Innovations in voice, obstacle and image recognition, emotional response and hand-eye coordination are encouraged. We encourage proposals describing projects that borrow features from other animal nervous systems and include biologists, neuroscientists and psychologists on their team to exploit new knowledge in the study of the brain and behavior. NSF also seeks proposals that address next-generation automation; the flexible and rapid reconfiguration of assembly lines allowing mass customization; the use of advanced control, scheduling, modularization, and decentralization with agile, mobile robotic systems that can enable the cost-effective manufacture of small lot-size products; and on-demand parts manufacturing. Proposals to support the physical and educational needs of individuals with disabilities (e.g., vision, hearing, cognitive, motor related) are sought. Robotic applications in healthcare, smart drones and drone networks are appropriate. Medical devices focused on providing new capabilities to doctors including surgery; robotic exoskeletons to enhance human strength; personal robots with an emphasis on human-centered end use and interaction, personal caregiving and increased autonomy; future of work; flying taxis; reverse engineering the human brain; robot sense, motion, thought, and emotion; human-robot art; and robots of augmentation are welcome.",T0.4 Registration check
W,Wireless Technologies,,BOTH,"July 7, 2027","The Wireless topic involves next-generation wireless communication technologies requiring systems with high data rates, low costs and that support a wide variety of applications and services while maintaining full mobility, minimum latency, and long battery life. Devices and subsystems that increase data throughput rates via cell density; increased spectrum; multiple input, multiple output (MIMO); and new ""antenna"" concepts are encouraged. NSF welcomes proposals involving modulation and demodulation techniques for signal generation and reception through spectral efficiency, noise immunity, jamming immunity, and power efficiency; radio frequency (RF) pollution: devices and circuits; processing algorithms/3D spatial control; and high efficiency devices such as micro-TWT (traveling-wave tube), smart dust and inductive couplers. NSF seeks proposals in the areas of spectrum-related research and development activities that improve the efficiency by which the radio spectrum is used, and the ability of all members of the public to access spectrum-related services. Mobile and automotive radar, smart solar panels, on-panel DC-AC converters, openRAN (Radio Access Networks)-related devices and applications and self-testing and self-networking devices are also of interest.",T0.4 Registration check
AG,Agricultural Technologies,,BOTH,"July 7, 2027",The Agricultural Technologies topic supports innovations enabling farm production ecosystems that support the proper utilization of natural resources. Such technologies may encompass systems-level and multidisciplinary solutions to enable complex agricultural practices that support increased biodiversity balanced with yield production.,T0.4 Registration check
BM,Biomedical Technologies,,BOTH,"July 7, 2027","The Biomedical Technologies topic aims to support the early-stage development of novel products, processes or services that will enable the delivery of high-quality, economically efficient healthcare.",T0.4 Registration check
DL,Distributed Ledger,,BOTH,"July 7, 2027","The Distributed Ledger topic area covers a wide range of technology areas of current and emerging commercial significance and impact spanning all areas of distributed ledgers, including blockchains, directed acyclic graphs (DAGs) and related capabilities (cryptography, smart contracts, etc.). Applications of these technologies and approaches across any range of industries and commercial uses are appropriate for this topic area. Proposed projects should involve novel, distinctive approaches and/or disruptive innovations with high potential impact and competitive advantages in their field of use. These subtopic areas are meant to serve as examples of what entrepreneurs may propose in this space; all distributed ledger proposals with technical innovation and significant commercial potential are welcome, regardless of the specific area of focus of the project.",T0.4 Registration check
ET,Environmental Technologies,,BOTH,"July 7, 2027","Environmental Technologies cover a range of innovations focused on sustainability, high commercial impacts and societal and environmental benefits. The topic covers a variety of technology areas of current and emerging commercial significance that improve environmental and or environmental health outcomes. Sensing, data, and advanced analytics technologies relevant to these fields are also appropriate. Please highlight any aspects of the proposed technology or approach that address a problem without a current solution, or one which is underdeveloped.",T0.4 Registration check
MO,Mobility,,BOTH,"July 7, 2027","The Mobility topic encourages novel innovations in the land, air, and sea-based movement of goods and people that improve sustainability and resiliency. Proposals responsive to this topic may include technical breakthroughs that address infrastructure and flow issues in global, urban and rural environments. Interdisciplinary and collaborative innovations to address multiple mobility grand challenges are welcome. All proposed innovations must be capable of a sustainable business model.",T0.4 Registration check
QT,Quantum Information Technologies,,BOTH,"July 7, 2027","This topic focuses on innovations in information and communications technologies that rely fundamentally on quantum mechanical properties and interactions. Typically, such innovations will involve the generation, detection, or manipulation of quantum states to provide faster, more efficient or more secure information processing and communications. Proposals may include innovations at the component, sub-system or system level that result in substantial and usable improvements in the generation, transmission, detection, storage or processing of information, or the security and privacy of information. Proposed innovations must offer the potential for robustness, reliability, scalability and operation at temperatures that are practical within the constraints of the intended application. Innovations at the component and sub-system level should aim for compactness and energy efficiency, consistent with the requirements of the application. Examples of technology innovations in the quantum computing subtopic could include qubit generation and detection, development of computational models (quantum circuits, etc.), error correction, software, hardware sub-systems and systems and Noisy Intermediate-Scale Quantum (NISQ) computers. Examples of technology innovations in the quantum communications subtopic could include components such as sources, memories, repeaters, detectors, hardware sub-systems and systems, networks, cryptography and key distribution.",T0.4 Registration check
AM,Advanced Materials,,BOTH,"July 7, 2027","The Advanced Materials topic addresses the development of new and improved materials for a wide variety of commercial and industrial applications. Proposals may focus on the creation of innovative material systems and/or on critical fabrication, processing or manufacturing challenges involved in the successful demonstration and commercialization of novel advanced materials. A broad range of applications areas will be considered as part of this topic. ",T0.4 Registration check
AA,Advanced Systems for Scalable Analytics,,BOTH,"July 7, 2027","The Advanced Systems for Scalable Analytics topic focuses on innovations needed for building systems that organize and process large and ever-increasing volumes of structured, semi-structured and unstructured data to reveal actionable new insights. It also includes innovative knowledge management and data mining technologies that complement deep learning. Sample topics include data and knowledge management technologies for data acquisition, integration, annotation, governance and provenance; hardware and software for addressing the performance needs of analytical systems; technologies for continual learning in dynamic environments; technologies in data mining, visualization and optimization; and marketplaces for data and models. These subtopics are only meant to serve as examples. All proposals focused on the development of a new high-risk technical innovation and significant potential commercial and societal impact are welcome to apply, regardless of subtopic.",T0.4 Registration check
AV/VR/MR,Augmented Virtual and Mixed Reality,,BOTH,"July 7, 2027","The Augmented Virtual and Mixed Reality (AR/VR/MR) topic focuses on advancing immersive technological experiences for humans grounded in research. Based on the transformative progress made in crafting, perceiving, and interacting with AR/VR/MR across sectors, priority is placed on innovations enhancing shared realities to foster community and collective experiences. Efforts also target advancing hardware and software critical for AR/VR/MR's future, enabling tailored experiences for individuals based in research or lived experience. The initiative encourages exploratory projects aiming for revolutionary AR/VR/MR applications, emphasizing inclusivity, data security and privacy, user safety, accessibility, affordability, adaptability, and environmental consideration. Innovations should be grounded in rigorous research to deliver novel and transformative AR/VR/MR experiences. Proposals are welcomed that redefine AR/VR/MR through innovative approaches with potential societal breakthroughs, regardless of their specific focus within the AR/VR/MR domain.",T0.4 Registration check
CH,Cloud and High-Performance Computing,,BOTH,"July 7, 2027","The Cloud and High-Performance Computing (HPC) topic focuses on innovations that result in substantial improvements to cloud computing or high-performance computing platforms. These improvements may be to computing power and efficiency, energy management, data storage, latency, data integrity and availability, cost, or any other factor of importance in such platforms, and may result from software- or hardware-based innovations. These subtopic areas are meant to serve as examples; all proposals with technical innovation and significant commercial potential are welcome, regardless of the specific area of focus of the project.",T0.4 Registration check
EN,Energy Technologies,,BOTH,"July 7, 2027","The Energy Technologies topic covers new energy sources and resources, power generation, energy storage and electronic systems for energy sources used in mobile technologies and off-grid applications. Proposals in all areas of energy generation are welcome, with an emphasis on how the new idea competes favorably with existing solutions. Proposals in carbon conversion and disruptive technologies in conventional resources (natural gas exploration and production) are also welcome. Proposals that focus on the intersection of energy technologies and data are welcome across all areas where integration with energy technology applications is the primary thrust (including computational technologies). Proposals with ideas on nature-inspired processes for sustainable energy solutions and carbon storage, reducing the carbon and resource intensity of hydrocarbon extraction, energy conversion, and their uses are also sought. Proposals involving energy storage from the scale of wearable devices to power plants and energy conversion are encouraged.",T0.4 Registration check
HC,Human-Computer Interaction,,BOTH,"July 7, 2027","The Human-Computer Interaction (HCI) topic aims to bridge the gap between research-based innovation and practical applications by catalyzing high-risk advancements rooted in research. Proposals should articulate the research basis or lived experience of the innovation, demonstrating an understanding of the scientific and theoretical underpinnings. Proposed innovations should represent technological breakthroughs which are viable and broadly impactful for society. Submissions must leverage foundational research to create groundbreaking and innovative human-computer interactions regardless of specific focus within the HCI subtopic area.",T0.4 Registration check
LC,Learning and Cognition Technologies,,BOTH,"July 7, 2027","Innovative approaches to learning and cognition development leverage groundbreaking technological advancements rooted in research. These advancements aim to disrupt educational norms, challenging conventional methods of content delivery while remaining firmly anchored in foundational research. They equip individuals for success in emerging industries and undefined roles, bridging the gap between established curricula and the swiftly evolving knowledge landscape. While inherently risky, the success of the innovation holds the potential to reshape education, preparing individuals for a future ripe with transformative prospects. Proposals should build on solid scientific research or lived experience to introduce novel and broadly impactful approaches to learning and cognition. While the subtopics listed provide a framework, we welcome all proposals that showcase creativity, innovation and hold substantial potential for societal impact, transcending specific focus areas.",T0.4 Registration check
PT,Pharmaceutical Technologies,,BOTH,"July 7, 2027","The Pharmaceutical Technologies topic covers a wide range of technology areas that advance the discovery, formulation, and manufacture of novel drugs, moieties, compounds, products, processes, platforms or services that will improve the selection, quality or price of pharmaceutical and biologic therapies. The Pharmaceutical Technologies topic is not aimed at supporting or conducting clinical trials, clinical efficacy and safety studies, the development of pre-clinical or clinical-stage drug candidates, work on medical devices or schedule I substances, or work performed primarily for regulatory purposes. The NSF SBIR/STTR program no longer supports the development of specific therapeutic molecules. Drug Discovery and Manufacturing are still supported by the program.",T0.4 Registration check
CT,Chemical Technologies,,BOTH,"July 7, 2027","The Chemical Technologies topic covers a wide range of technology areas of current and emerging commercial significance to many areas, including the broad chemical industry; food processing and technology; agrochemicals; chemical alternatives and organics; green chemicals; water treatment and separations; advanced catalysts and materials; and biochemicals. Sensing, data and advanced analytics technologies relevant to these fields are also appropriate for this topic area. Beyond improvement on technical specifications, it is important to also clearly identify the competitive landscape of what is currently possible and why the proposed innovation will have an impact commercially and/or from a societal benefit standpoint.",T0.4 Registration check
SP,Space,,BOTH,"July 7, 2027","The Space topic seeks transformative technologies to create solutions for sustainable space exploration, habitation or industrialization that could also have a positive impact on human lives. Applicants should address known capability gaps for enabling technologies for the space or terrestrial industries. Proposals in this area may focus upon launch vehicles or satellite and vehicle propulsion systems, in-space research or manufacturing systems and services, human sustainability, spaceflight or exploration infrastructure, data processing and communication technologies, orbital servicing, asteroid mining and microgravity applications.",T0.4 Registration check
AI,Artificial Intelligence,,BOTH,"July 7, 2027","The Artificial Intelligence topic focuses on cutting-edge technologies in the field of deep learning-based AI systems and AI-based hardware. The recent successes in computer vision, machine translation, natural-language processing and speech recognition have led to widespread use of learning-based systems in production and an unprecedented growth in AI systems that interact frequently with and/or on behalf of humans in highly personalized contexts. This topic especially emphasizes next-generation AI technologies that are not only safe and reliable but also fair, robust against sophisticated adversaries, privacy preserving, and efficient in terms of computational resources, energy, training data size, etc. It also includes cutting-edge hardware technologies needed for sustainable AI (i.e., novel devices and architectures to support the tremendous processing power needed by AI technologies), edge devices (i.e., intelligent systems on a chip for applications such as voice assistants) and AI technologies that lead to better hardware systems. These subtopics are only meant to serve as examples. All proposals that are focused on developing a new high-risk technical innovation and that have significant potential commercial and societal impact are welcome to apply, regardless of subtopic.",T0.4 Registration check
BT,Biological Technologies,,BOTH,"July 7, 2027","The Biological Technologies topic covers a wide range of technology areas to advance engineering and science innovation across the biological spectrum. Biological technologies have disrupted decades-old chemical, agricultural and medical products and services, producing a new bioeconomy. Potential breakthroughs in this space are on course to make major socioeconomic contributions by boosting productivity in industrial and agricultural processes, improving human health, and making advances toward environmental sustainability. Proposed projects should be focused on using or modifying living organisms, systems or biological processes to develop new technologies to produce biochemicals and medical and agricultural products. They may involve bioengineering to improve function in molecules, cells and tissues in humans, plants, animals and microbes. NSF also encourages proposals for enabling new technologies, such as new tools for genomics, proteomics and drug discovery; instruments for biological applications; computational and bioinformatic tools; and new manufacturing technologies for cells, tissues, organs and biologics (with the exception of clinical trials and schedule I substances).",T0.4 Registration check
DH,Digital Health,,BOTH,"July 7, 2027","The Digital Health topic aims to support the early-stage development of novel devices, components, systems, algorithms, networks, applications or services that will enable the transformation of healthcare from reactive, hospital-centered and indemnity-based to proactive, person-centered, preventive and cost-efficient.",T0.4 Registration check
IH,Instrumentation and Hardware Systems,,BOTH,"July 7, 2027","The Instrumentation and Hardware Systems topic addresses the research and development of new and improved instrumentation and related systems for a wide variety of commercial and industrial applications. Proposals in this topic may deal with new instruments for use in scientific, industrial, engineering or manufacturing environments, among others. Systems and tools designed for the purposes of detection, manipulation, characterization, measurement, processing, control or monitoring will be considered. A wide variety of applications areas will be considered as part of this topic.",T0.4 Registration check
I,Internet of Things,,BOTH,"July 7, 2027","The Internet of Things (IoT) is a rapidly evolving field that involves the interconnection and interaction of smart objects (objects or devices with embedded sensors, onboard data processing capability, and a means of communication) to provide automated services that would otherwise not be possible. IoT is not a single technology, but rather involves the convergence of sensor, actuator, information and communication technologies. Emerging IoT implementations will use smaller and more energy-efficient embedded sensor technologies, more sophisticated actuators, enhanced communications and advanced data analytics to collect and aggregate information. These new tools will enable intelligent systems that understand context, track and manage complex interactions and anticipate requirements. Market verticals that are potentially impacted by innovations in this area include connected cities and homes, smart transportation, smart agriculture, industrial IoT, and retail IoT.",T0.4 Registration check
MD,Medical Devices,,BOTH,"July 7, 2027","The Medical Devices topic aims to develop novel medical device platforms, introduce innovative medical technologies or translate emerging scientific principles into health practice. Proposals should be considered leading edge innovations, typically based on a discovery, new approach or new scientific principle to medical devices or technologies.",T0.4 Registration check
OT,Other Topics,,BOTH,"July 7, 2027","For projects that do not seem to fit into one of the other technology topic areas, but still meet the NSF SBIR/STTR goals of supporting research and development of deep technology with commercial viability and the potential to benefit society, please pick Other Topics and subtopic OT1. Project pitches and proposals submitted to Other Topics are typically transferred and reviewed in the topic area that best matches the underlying technical innovation. The program does not reject Project Pitches or proposals based on a non-ideal choice of topic areas. The program routinely moves Project Pitches or proposals internally among topic areas that seem to best describe the underlying technical innovation and to ensure the right program officer and reviewer panel sees the project.",T0.4 Registration check
PM,Power Management,,BOTH,"July 7, 2027",The Power Management topic address the development of novel technologies that enable new power and thermal management solutions. Innovations supported could range from device-scale breakthroughs to embedded or standalone systems or grid-scale technologies.,T0.4 Registration check
S,Semiconductors,,BOTH,"July 7, 2027","The Semiconductors topic addresses the research and development of new designs, materials, devices and manufacturing systems that have the potential for impactful change in the semiconductor and microelectronics industry.",T0.4 Registration check
